Workbook

Sheet Daily Input
A1: 2026 | C1: Andrew Rockstroh | F1: Bryan Fletcher | I1: Coby De Lucia | L1: Dave Konkol | O1: Matt Delaune | R1: Ryan David | U1: Tyler Duprey | X1: Michael Wynkoop | AA1: Sydney Darrow | AD1: Michael Helton | AG1: Jacob Mann | AJ1: Brandon Steed | AM1: TEAM TOTALS
A2: Date | B2: Day | C2: Sets | D2: Shows | E2: CW | F2: Sets | G2: Shows | H2: CW | I2: Sets | J2: Shows | K2: CW | L2: Sets | M2: Shows | N2: CW | O2: Sets | P2: Shows | Q2: CW | R2: Sets | S2: Shows | T2: CW | U2: Sets | V2: Shows | W2: CW | X2: Sets | Y2: Shows | Z2: CW | AA2: Sets | AB2: Shows | AC2: CW | AD2: Sets | AE2: Shows | AF2: CW | AG2: Sets | AH2: Shows | AI2: CW | AJ2: Sets | AK2: Shows | AL2: CW | AM2: Sets | AN2: Shows | AO2: CW | AP2: Show% | AQ2: Close%
A3: JANUARY 2026
A4: 46023 | B4: Thu | C4: 1 | AM4: =C4+F4+I4+L4+O4+R4+U4+X4+AA4+AD4+AG4+AJ4 -> 1 | AN4: =D4+G4+J4+M4+P4+S4+V4+Y4+AB4+AE4+AH4+AK4 -> 0 | AO4: =E4+H4+K4+N4+Q4+T4+W4+Z4+AC4+AF4+AI4+AL4 -> 0 | AP4: =IF(AM4=0,0,AN4/AM4) -> 0 | AQ4: =IF(AN4=0,0,AO4/AN4) -> 0
A5: 46024 | B5: Fri | AM5: =C5+F5+I5+L5+O5+R5+U5+X5+AA5+AD5+AG5+AJ5 -> 0 | AN5: =D5+G5+J5+M5+P5+S5+V5+Y5+AB5+AE5+AH5+AK5 -> 0 | AO5: =E5+H5+K5+N5+Q5+T5+W5+Z5+AC5+AF5+AI5+AL5 -> 0 | AP5: =IF(AM5=0,0,AN5/AM5) -> 0 | AQ5: =IF(AN5=0,0,AO5/AN5) -> 0
A6: 46025 | B6: Sat | D6: 1 | AM6: =C6+F6+I6+L6+O6+R6+U6+X6+AA6+AD6+AG6+AJ6 -> 0 | AN6: =D6+G6+J6+M6+P6+S6+V6+Y6+AB6+AE6+AH6+AK6 -> 1 | AO6: =E6+H6+K6+N6+Q6+T6+W6+Z6+AC6+AF6+AI6+AL6 -> 0 | AP6: =IF(AM6=0,0,AN6/AM6) -> 0 | AQ6: =IF(AN6=0,0,AO6/AN6) -> 0
A7: 46026 | B7: Sun | AM7: =C7+F7+I7+L7+O7+R7+U7+X7+AA7+AD7+AG7+AJ7 -> 0 | AN7: =D7+G7+J7+M7+P7+S7+V7+Y7+AB7+AE7+AH7+AK7 -> 0 | AO7: =E7+H7+K7+N7+Q7+T7+W7+Z7+AC7+AF7+AI7+AL7 -> 0 | AP7: =IF(AM7=0,0,AN7/AM7) -> 0 | AQ7: =IF(AN7=0,0,AO7/AN7) -> 0
A8: 46027 | B8: Mon | C8: 4 | F8: 4 | L8: 1 | O8: 1 | R8: 1 | S8: 1 | AM8: =C8+F8+I8+L8+O8+R8+U8+X8+AA8+AD8+AG8+AJ8 -> 11 | AN8: =D8+G8+J8+M8+P8+S8+V8+Y8+AB8+AE8+AH8+AK8 -> 1 | AO8: =E8+H8+K8+N8+Q8+T8+W8+Z8+AC8+AF8+AI8+AL8 -> 0 | AP8: =IF(AM8=0,0,AN8/AM8) -> 0.090909091 | AQ8: =IF(AN8=0,0,AO8/AN8) -> 0
A9: 46028 | B9: Tue | C9: 3 | F9: 1 | I9: 1 | P9: 1 | R9: 2 | S9: 1 | AM9: =C9+F9+I9+L9+O9+R9+U9+X9+AA9+AD9+AG9+AJ9 -> 7 | AN9: =D9+G9+J9+M9+P9+S9+V9+Y9+AB9+AE9+AH9+AK9 -> 2 | AO9: =E9+H9+K9+N9+Q9+T9+W9+Z9+AC9+AF9+AI9+AL9 -> 0 | AP9: =IF(AM9=0,0,AN9/AM9) -> 0.28571429 | AQ9: =IF(AN9=0,0,AO9/AN9) -> 0
A10: 46029 | B10: Wed | C10: 2 | G10: 1 | L10: 2 | M10: 1 | O10: 1 | AM10: =C10+F10+I10+L10+O10+R10+U10+X10+AA10+AD10+AG10+AJ10 -> 5 | AN10: =D10+G10+J10+M10+P10+S10+V10+Y10+AB10+AE10+AH10+AK10 -> 2 | AO10: =E10+H10+K10+N10+Q10+T10+W10+Z10+AC10+AF10+AI10+AL10 -> 0 | AP10: =IF(AM10=0,0,AN10/AM10) -> 0.4 | AQ10: =IF(AN10=0,0,AO10/AN10) -> 0
A11: 46030 | B11: Thu | C11: 4 | D11: 1 | F11: 2 | O11: 1 | P11: 1 | R11: 1 | U11: 1 | AM11: =C11+F11+I11+L11+O11+R11+U11+X11+AA11+AD11+AG11+AJ11 -> 9 | AN11: =D11+G11+J11+M11+P11+S11+V11+Y11+AB11+AE11+AH11+AK11 -> 2 | AO11: =E11+H11+K11+N11+Q11+T11+W11+Z11+AC11+AF11+AI11+AL11 -> 0 | AP11: =IF(AM11=0,0,AN11/AM11) -> 0.22222222 | AQ11: =IF(AN11=0,0,AO11/AN11) -> 0
A12: 46031 | B12: Fri | D12: 4 | G12: 1 | R12: 1 | V12: 1 | AM12: =C12+F12+I12+L12+O12+R12+U12+X12+AA12+AD12+AG12+AJ12 -> 1 | AN12: =D12+G12+J12+M12+P12+S12+V12+Y12+AB12+AE12+AH12+AK12 -> 6 | AO12: =E12+H12+K12+N12+Q12+T12+W12+Z12+AC12+AF12+AI12+AL12 -> 0 | AP12: =IF(AM12=0,0,AN12/AM12) -> 6 | AQ12: =IF(AN12=0,0,AO12/AN12) -> 0
A13: 46032 | B13: Sat | AM13: =C13+F13+I13+L13+O13+R13+U13+X13+AA13+AD13+AG13+AJ13 -> 0 | AN13: =D13+G13+J13+M13+P13+S13+V13+Y13+AB13+AE13+AH13+AK13 -> 0 | AO13: =E13+H13+K13+N13+Q13+T13+W13+Z13+AC13+AF13+AI13+AL13 -> 0 | AP13: =IF(AM13=0,0,AN13/AM13) -> 0 | AQ13: =IF(AN13=0,0,AO13/AN13) -> 0
A14: 46033 | B14: Sun | AM14: =C14+F14+I14+L14+O14+R14+U14+X14+AA14+AD14+AG14+AJ14 -> 0 | AN14: =D14+G14+J14+M14+P14+S14+V14+Y14+AB14+AE14+AH14+AK14 -> 0 | AO14: =E14+H14+K14+N14+Q14+T14+W14+Z14+AC14+AF14+AI14+AL14 -> 0 | AP14: =IF(AM14=0,0,AN14/AM14) -> 0 | AQ14: =IF(AN14=0,0,AO14/AN14) -> 0
A15: 46034 | B15: Mon | C15: 3 | D15: 1 | F15: 2 | G15: 1 | L15: 2 | O15: 1 | R15: 1 | U15: 1 | AM15: =C15+F15+I15+L15+O15+R15+U15+X15+AA15+AD15+AG15+AJ15 -> 10 | AN15: =D15+G15+J15+M15+P15+S15+V15+Y15+AB15+AE15+AH15+AK15 -> 2 | AO15: =E15+H15+K15+N15+Q15+T15+W15+Z15+AC15+AF15+AI15+AL15 -> 0 | AP15: =IF(AM15=0,0,AN15/AM15) -> 0.2 | AQ15: =IF(AN15=0,0,AO15/AN15) -> 0
A16: 46035 | B16: Tue | D16: 1 | F16: 1 | L16: 2 | M16: 2 | R16: 3 | S16: 2 | V16: 1 | AM16: =C16+F16+I16+L16+O16+R16+U16+X16+AA16+AD16+AG16+AJ16 -> 6 | AN16: =D16+G16+J16+M16+P16+S16+V16+Y16+AB16+AE16+AH16+AK16 -> 6 | AO16: =E16+H16+K16+N16+Q16+T16+W16+Z16+AC16+AF16+AI16+AL16 -> 0 | AP16: =IF(AM16=0,0,AN16/AM16) -> 1 | AQ16: =IF(AN16=0,0,AO16/AN16) -> 0
A17: 46036 | B17: Wed | G17: 2 | L17: 2 | M17: 1 | U17: 2 | AM17: =C17+F17+I17+L17+O17+R17+U17+X17+AA17+AD17+AG17+AJ17 -> 4 | AN17: =D17+G17+J17+M17+P17+S17+V17+Y17+AB17+AE17+AH17+AK17 -> 3 | AO17: =E17+H17+K17+N17+Q17+T17+W17+Z17+AC17+AF17+AI17+AL17 -> 0 | AP17: =IF(AM17=0,0,AN17/AM17) -> 0.75 | AQ17: =IF(AN17=0,0,AO17/AN17) -> 0
A18: 46037 | B18: Thu | D18: 2 | F18: 1 | L18: 2 | O18: 1 | P18: 1 | R18: 1 | U18: 2 | AM18: =C18+F18+I18+L18+O18+R18+U18+X18+AA18+AD18+AG18+AJ18 -> 7 | AN18: =D18+G18+J18+M18+P18+S18+V18+Y18+AB18+AE18+AH18+AK18 -> 3 | AO18: =E18+H18+K18+N18+Q18+T18+W18+Z18+AC18+AF18+AI18+AL18 -> 0 | AP18: =IF(AM18=0,0,AN18/AM18) -> 0.42857143 | AQ18: =IF(AN18=0,0,AO18/AN18) -> 0
A19: 46038 | B19: Fri | C19: 3 | F19: 1 | M19: 1 | R19: 2 | S19: 1 | V19: 1 | AM19: =C19+F19+I19+L19+O19+R19+U19+X19+AA19+AD19+AG19+AJ19 -> 6 | AN19: =D19+G19+J19+M19+P19+S19+V19+Y19+AB19+AE19+AH19+AK19 -> 3 | AO19: =E19+H19+K19+N19+Q19+T19+W19+Z19+AC19+AF19+AI19+AL19 -> 0 | AP19: =IF(AM19=0,0,AN19/AM19) -> 0.5 | AQ19: =IF(AN19=0,0,AO19/AN19) -> 0
A20: 46039 | B20: Sat | AM20: =C20+F20+I20+L20+O20+R20+U20+X20+AA20+AD20+AG20+AJ20 -> 0 | AN20: =D20+G20+J20+M20+P20+S20+V20+Y20+AB20+AE20+AH20+AK20 -> 0 | AO20: =E20+H20+K20+N20+Q20+T20+W20+Z20+AC20+AF20+AI20+AL20 -> 0 | AP20: =IF(AM20=0,0,AN20/AM20) -> 0 | AQ20: =IF(AN20=0,0,AO20/AN20) -> 0
A21: 46040 | B21: Sun | AM21: =C21+F21+I21+L21+O21+R21+U21+X21+AA21+AD21+AG21+AJ21 -> 0 | AN21: =D21+G21+J21+M21+P21+S21+V21+Y21+AB21+AE21+AH21+AK21 -> 0 | AO21: =E21+H21+K21+N21+Q21+T21+W21+Z21+AC21+AF21+AI21+AL21 -> 0 | AP21: =IF(AM21=0,0,AN21/AM21) -> 0 | AQ21: =IF(AN21=0,0,AO21/AN21) -> 0
A22: 46041 | B22: Mon | AM22: =C22+F22+I22+L22+O22+R22+U22+X22+AA22+AD22+AG22+AJ22 -> 0 | AN22: =D22+G22+J22+M22+P22+S22+V22+Y22+AB22+AE22+AH22+AK22 -> 0 | AO22: =E22+H22+K22+N22+Q22+T22+W22+Z22+AC22+AF22+AI22+AL22 -> 0 | AP22: =IF(AM22=0,0,AN22/AM22) -> 0 | AQ22: =IF(AN22=0,0,AO22/AN22) -> 0
A23: 46042 | B23: Tue | O23: 3 | R23: 1 | S23: 1 | V23: 1 | AM23: =C23+F23+I23+L23+O23+R23+U23+X23+AA23+AD23+AG23+AJ23 -> 4 | AN23: =D23+G23+J23+M23+P23+S23+V23+Y23+AB23+AE23+AH23+AK23 -> 2 | AO23: =E23+H23+K23+N23+Q23+T23+W23+Z23+AC23+AF23+AI23+AL23 -> 0 | AP23: =IF(AM23=0,0,AN23/AM23) -> 0.5 | AQ23: =IF(AN23=0,0,AO23/AN23) -> 0
A24: 46043 | B24: Wed | C24: 1 | D24: 1 | G24: 1 | R24: 1 | S24: 1 | AA24: 1 | AM24: =C24+F24+I24+L24+O24+R24+U24+X24+AA24+AD24+AG24+AJ24 -> 3 | AN24: =D24+G24+J24+M24+P24+S24+V24+Y24+AB24+AE24+AH24+AK24 -> 3 | AO24: =E24+H24+K24+N24+Q24+T24+W24+Z24+AC24+AF24+AI24+AL24 -> 0 | AP24: =IF(AM24=0,0,AN24/AM24) -> 1 | AQ24: =IF(AN24=0,0,AO24/AN24) -> 0
A25: 46044 | B25: Thu | G25: 1 | L25: 2 | R25: 1 | V25: 1 | X25: 2 | AM25: =C25+F25+I25+L25+O25+R25+U25+X25+AA25+AD25+AG25+AJ25 -> 5 | AN25: =D25+G25+J25+M25+P25+S25+V25+Y25+AB25+AE25+AH25+AK25 -> 2 | AO25: =E25+H25+K25+N25+Q25+T25+W25+Z25+AC25+AF25+AI25+AL25 -> 0 | AP25: =IF(AM25=0,0,AN25/AM25) -> 0.4 | AQ25: =IF(AN25=0,0,AO25/AN25) -> 0
A26: 46045 | B26: Fri | C26: 1 | M26: 1 | O26: 1 | P26: 1 | R26: 1 | S26: 2 | U26: 1 | Y26: 1 | AA26: 1 | AM26: =C26+F26+I26+L26+O26+R26+U26+X26+AA26+AD26+AG26+AJ26 -> 5 | AN26: =D26+G26+J26+M26+P26+S26+V26+Y26+AB26+AE26+AH26+AK26 -> 5 | AO26: =E26+H26+K26+N26+Q26+T26+W26+Z26+AC26+AF26+AI26+AL26 -> 0 | AP26: =IF(AM26=0,0,AN26/AM26) -> 1 | AQ26: =IF(AN26=0,0,AO26/AN26) -> 0
A27: 46046 | B27: Sat | AM27: =C27+F27+I27+L27+O27+R27+U27+X27+AA27+AD27+AG27+AJ27 -> 0 | AN27: =D27+G27+J27+M27+P27+S27+V27+Y27+AB27+AE27+AH27+AK27 -> 0 | AO27: =E27+H27+K27+N27+Q27+T27+W27+Z27+AC27+AF27+AI27+AL27 -> 0 | AP27: =IF(AM27=0,0,AN27/AM27) -> 0 | AQ27: =IF(AN27=0,0,AO27/AN27) -> 0
A28: 46047 | B28: Sun | AM28: =C28+F28+I28+L28+O28+R28+U28+X28+AA28+AD28+AG28+AJ28 -> 0 | AN28: =D28+G28+J28+M28+P28+S28+V28+Y28+AB28+AE28+AH28+AK28 -> 0 | AO28: =E28+H28+K28+N28+Q28+T28+W28+Z28+AC28+AF28+AI28+AL28 -> 0 | AP28: =IF(AM28=0,0,AN28/AM28) -> 0 | AQ28: =IF(AN28=0,0,AO28/AN28) -> 0
A29: 46048 | B29: Mon | L29: 2 | M29: 1 | S29: 1 | AM29: =C29+F29+I29+L29+O29+R29+U29+X29+AA29+AD29+AG29+AJ29 -> 2 | AN29: =D29+G29+J29+M29+P29+S29+V29+Y29+AB29+AE29+AH29+AK29 -> 2 | AO29: =E29+H29+K29+N29+Q29+T29+W29+Z29+AC29+AF29+AI29+AL29 -> 0 | AP29: =IF(AM29=0,0,AN29/AM29) -> 1 | AQ29: =IF(AN29=0,0,AO29/AN29) -> 0
A30: 46049 | B30: Tue | R30: 1 | U30: 1 | X30: 1 | AM30: =C30+F30+I30+L30+O30+R30+U30+X30+AA30+AD30+AG30+AJ30 -> 3 | AN30: =D30+G30+J30+M30+P30+S30+V30+Y30+AB30+AE30+AH30+AK30 -> 0 | AO30: =E30+H30+K30+N30+Q30+T30+W30+Z30+AC30+AF30+AI30+AL30 -> 0 | AP30: =IF(AM30=0,0,AN30/AM30) -> 0 | AQ30: =IF(AN30=0,0,AO30/AN30) -> 0
A31: 46050 | B31: Wed | F31: 1 | L31: 1 | M31: 1 | P31: 1 | R31: 1 | S31: 1 | X31: 2 | AM31: =C31+F31+I31+L31+O31+R31+U31+X31+AA31+AD31+AG31+AJ31 -> 5 | AN31: =D31+G31+J31+M31+P31+S31+V31+Y31+AB31+AE31+AH31+AK31 -> 3 | AO31: =E31+H31+K31+N31+Q31+T31+W31+Z31+AC31+AF31+AI31+AL31 -> 0 | AP31: =IF(AM31=0,0,AN31/AM31) -> 0.6 | AQ31: =IF(AN31=0,0,AO31/AN31) -> 0
A32: 46051 | B32: Thu | D32: 1 | U32: 1 | V32: 1 | AB32: 1 | AM32: =C32+F32+I32+L32+O32+R32+U32+X32+AA32+AD32+AG32+AJ32 -> 1 | AN32: =D32+G32+J32+M32+P32+S32+V32+Y32+AB32+AE32+AH32+AK32 -> 3 | AO32: =E32+H32+K32+N32+Q32+T32+W32+Z32+AC32+AF32+AI32+AL32 -> 0 | AP32: =IF(AM32=0,0,AN32/AM32) -> 3 | AQ32: =IF(AN32=0,0,AO32/AN32) -> 0
A33: 46052 | B33: Fri | D33: 1 | F33: 1 | L33: 1 | M33: 2 | O33: 1 | R33: 1 | Y33: 1 | AB33: 1 | AM33: =C33+F33+I33+L33+O33+R33+U33+X33+AA33+AD33+AG33+AJ33 -> 4 | AN33: =D33+G33+J33+M33+P33+S33+V33+Y33+AB33+AE33+AH33+AK33 -> 5 | AO33: =E33+H33+K33+N33+Q33+T33+W33+Z33+AC33+AF33+AI33+AL33 -> 0 | AP33: =IF(AM33=0,0,AN33/AM33) -> 1.25 | AQ33: =IF(AN33=0,0,AO33/AN33) -> 0
A34: 46053 | B34: Sat | AM34: =C34+F34+I34+L34+O34+R34+U34+X34+AA34+AD34+AG34+AJ34 -> 0 | AN34: =D34+G34+J34+M34+P34+S34+V34+Y34+AB34+AE34+AH34+AK34 -> 0 | AO34: =E34+H34+K34+N34+Q34+T34+W34+Z34+AC34+AF34+AI34+AL34 -> 0 | AP34: =IF(AM34=0,0,AN34/AM34) -> 0 | AQ34: =IF(AN34=0,0,AO34/AN34) -> 0
A35: January Total | C35: =SUM(C4:C34) -> 22 | D35: =SUM(D4:D34) -> 13 | E35: =SUM(E4:E34) -> 0 | F35: =SUM(F4:F34) -> 14 | G35: =SUM(G4:G34) -> 7 | H35: =SUM(H4:H34) -> 0 | I35: =SUM(I4:I34) -> 1 | J35: =SUM(J4:J34) -> 0 | ... AO35: =SUM(AO4:AO34) -> 0 | AP35: =IF(AM35=0,0,AN35/AM35) -> 0.56565657 | AQ35: =IF(AN35=0,0,AO35/AN35) -> 0
A37: FEBRUARY 2026
A38: 46054 | B38: Sun | AM38: =C38+F38+I38+L38+O38+R38+U38+X38+AA38+AD38+AG38+AJ38 -> 0 | AN38: =D38+G38+J38+M38+P38+S38+V38+Y38+AB38+AE38+AH38+AK38 -> 0 | AO38: =E38+H38+K38+N38+Q38+T38+W38+Z38+AC38+AF38+AI38+AL38 -> 0 | AP38: =IF(AM38=0,0,AN38/AM38) -> 0 | AQ38: =IF(AN38=0,0,AO38/AN38) -> 0
A39: 46055 | B39: Mon | AM39: =C39+F39+I39+L39+O39+R39+U39+X39+AA39+AD39+AG39+AJ39 -> 0 | AN39: =D39+G39+J39+M39+P39+S39+V39+Y39+AB39+AE39+AH39+AK39 -> 0 | AO39: =E39+H39+K39+N39+Q39+T39+W39+Z39+AC39+AF39+AI39+AL39 -> 0 | AP39: =IF(AM39=0,0,AN39/AM39) -> 0 | AQ39: =IF(AN39=0,0,AO39/AN39) -> 0
A40: 46056 | B40: Tue | AM40: =C40+F40+I40+L40+O40+R40+U40+X40+AA40+AD40+AG40+AJ40 -> 0 | AN40: =D40+G40+J40+M40+P40+S40+V40+Y40+AB40+AE40+AH40+AK40 -> 0 | AO40: =E40+H40+K40+N40+Q40+T40+W40+Z40+AC40+AF40+AI40+AL40 -> 0 | AP40: =IF(AM40=0,0,AN40/AM40) -> 0 | AQ40: =IF(AN40=0,0,AO40/AN40) -> 0
A41: 46057 | B41: Wed | AM41: =C41+F41+I41+L41+O41+R41+U41+X41+AA41+AD41+AG41+AJ41 -> 0 | AN41: =D41+G41+J41+M41+P41+S41+V41+Y41+AB41+AE41+AH41+AK41 -> 0 | AO41: =E41+H41+K41+N41+Q41+T41+W41+Z41+AC41+AF41+AI41+AL41 -> 0 | AP41: =IF(AM41=0,0,AN41/AM41) -> 0 | AQ41: =IF(AN41=0,0,AO41/AN41) -> 0
A42: 46058 | B42: Thu | AM42: =C42+F42+I42+L42+O42+R42+U42+X42+AA42+AD42+AG42+AJ42 -> 0 | AN42: =D42+G42+J42+M42+P42+S42+V42+Y42+AB42+AE42+AH42+AK42 -> 0 | AO42: =E42+H42+K42+N42+Q42+T42+W42+Z42+AC42+AF42+AI42+AL42 -> 0 | AP42: =IF(AM42=0,0,AN42/AM42) -> 0 | AQ42: =IF(AN42=0,0,AO42/AN42) -> 0
A43: 46059 | B43: Fri | AM43: =C43+F43+I43+L43+O43+R43+U43+X43+AA43+AD43+AG43+AJ43 -> 0 | AN43: =D43+G43+J43+M43+P43+S43+V43+Y43+AB43+AE43+AH43+AK43 -> 0 | AO43: =E43+H43+K43+N43+Q43+T43+W43+Z43+AC43+AF43+AI43+AL43 -> 0 | AP43: =IF(AM43=0,0,AN43/AM43) -> 0 | AQ43: =IF(AN43=0,0,AO43/AN43) -> 0
A44: 46060 | B44: Sat | AM44: =C44+F44+I44+L44+O44+R44+U44+X44+AA44+AD44+AG44+AJ44 -> 0 | AN44: =D44+G44+J44+M44+P44+S44+V44+Y44+AB44+AE44+AH44+AK44 -> 0 | AO44: =E44+H44+K44+N44+Q44+T44+W44+Z44+AC44+AF44+AI44+AL44 -> 0 | AP44: =IF(AM44=0,0,AN44/AM44) -> 0 | AQ44: =IF(AN44=0,0,AO44/AN44) -> 0
A45: 46061 | B45: Sun | AM45: =C45+F45+I45+L45+O45+R45+U45+X45+AA45+AD45+AG45+AJ45 -> 0 | AN45: =D45+G45+J45+M45+P45+S45+V45+Y45+AB45+AE45+AH45+AK45 -> 0 | AO45: =E45+H45+K45+N45+Q45+T45+W45+Z45+AC45+AF45+AI45+AL45 -> 0 | AP45: =IF(AM45=0,0,AN45/AM45) -> 0 | AQ45: =IF(AN45=0,0,AO45/AN45) -> 0
A46: 46062 | B46: Mon | AM46: =C46+F46+I46+L46+O46+R46+U46+X46+AA46+AD46+AG46+AJ46 -> 0 | AN46: =D46+G46+J46+M46+P46+S46+V46+Y46+AB46+AE46+AH46+AK46 -> 0 | AO46: =E46+H46+K46+N46+Q46+T46+W46+Z46+AC46+AF46+AI46+AL46 -> 0 | AP46: =IF(AM46=0,0,AN46/AM46) -> 0 | AQ46: =IF(AN46=0,0,AO46/AN46) -> 0
A47: 46063 | B47: Tue | AM47: =C47+F47+I47+L47+O47+R47+U47+X47+AA47+AD47+AG47+AJ47 -> 0 | AN47: =D47+G47+J47+M47+P47+S47+V47+Y47+AB47+AE47+AH47+AK47 -> 0 | AO47: =E47+H47+K47+N47+Q47+T47+W47+Z47+AC47+AF47+AI47+AL47 -> 0 | AP47: =IF(AM47=0,0,AN47/AM47) -> 0 | AQ47: =IF(AN47=0,0,AO47/AN47) -> 0
A48: 46064 | B48: Wed | AM48: =C48+F48+I48+L48+O48+R48+U48+X48+AA48+AD48+AG48+AJ48 -> 0 | AN48: =D48+G48+J48+M48+P48+S48+V48+Y48+AB48+AE48+AH48+AK48 -> 0 | AO48: =E48+H48+K48+N48+Q48+T48+W48+Z48+AC48+AF48+AI48+AL48 -> 0 | AP48: =IF(AM48=0,0,AN48/AM48) -> 0 | AQ48: =IF(AN48=0,0,AO48/AN48) -> 0
A49: 46065 | B49: Thu | AM49: =C49+F49+I49+L49+O49+R49+U49+X49+AA49+AD49+AG49+AJ49 -> 0 | AN49: =D49+G49+J49+M49+P49+S49+V49+Y49+AB49+AE49+AH49+AK49 -> 0 | AO49: =E49+H49+K49+N49+Q49+T49+W49+Z49+AC49+AF49+AI49+AL49 -> 0 | AP49: =IF(AM49=0,0,AN49/AM49) -> 0 | AQ49: =IF(AN49=0,0,AO49/AN49) -> 0
... A65: 46081 | B65: Sat | AM65: =C65+F65+I65+L65+O65+R65+U65+X65+AA65+AD65+AG65+AJ65 -> 0 | AN65: =D65+G65+J65+M65+P65+S65+V65+Y65+AB65+AE65+AH65+AK65 -> 0 | AO65: =E65+H65+K65+N65+Q65+T65+W65+Z65+AC65+AF65+AI65+AL65 -> 0 | AP65: =IF(AM65=0,0,AN65/AM65) -> 0 | AQ65: =IF(AN65=0,0,AO65/AN65) -> 0
A66: February Total | C66: =SUM(C38:C65) -> 0 | D66: =SUM(D38:D65) -> 0 | E66: =SUM(E38:E65) -> 0 | F66: =SUM(F38:F65) -> 0 | G66: =SUM(G38:G65) -> 0 | H66: =SUM(H38:H65) -> 0 | I66: =SUM(I38:I65) -> 0 | J66: =SUM(J38:J65) -> 0 | ... AO66: =SUM(AO38:AO65) -> 0 | AP66: =IF(AM66=0,0,AN66/AM66) -> 0 | AQ66: =IF(AN66=0,0,AO66/AN66) -> 0
A68: MARCH 2026
A69: 46082 | B69: Sun | AM69: =C69+F69+I69+L69+O69+R69+U69+X69+AA69+AD69+AG69+AJ69 -> 0 | AN69: =D69+G69+J69+M69+P69+S69+V69+Y69+AB69+AE69+AH69+AK69 -> 0 | AO69: =E69+H69+K69+N69+Q69+T69+W69+Z69+AC69+AF69+AI69+AL69 -> 0 | AP69: =IF(AM69=0,0,AN69/AM69) -> 0 | AQ69: =IF(AN69=0,0,AO69/AN69) -> 0
A70: 46083 | B70: Mon | AM70: =C70+F70+I70+L70+O70+R70+U70+X70+AA70+AD70+AG70+AJ70 -> 0 | AN70: =D70+G70+J70+M70+P70+S70+V70+Y70+AB70+AE70+AH70+AK70 -> 0 | AO70: =E70+H70+K70+N70+Q70+T70+W70+Z70+AC70+AF70+AI70+AL70 -> 0 | AP70: =IF(AM70=0,0,AN70/AM70) -> 0 | AQ70: =IF(AN70=0,0,AO70/AN70) -> 0
A71: 46084 | B71: Tue | AM71: =C71+F71+I71+L71+O71+R71+U71+X71+AA71+AD71+AG71+AJ71 -> 0 | AN71: =D71+G71+J71+M71+P71+S71+V71+Y71+AB71+AE71+AH71+AK71 -> 0 | AO71: =E71+H71+K71+N71+Q71+T71+W71+Z71+AC71+AF71+AI71+AL71 -> 0 | AP71: =IF(AM71=0,0,AN71/AM71) -> 0 | AQ71: =IF(AN71=0,0,AO71/AN71) -> 0
A72: 46085 | B72: Wed | AM72: =C72+F72+I72+L72+O72+R72+U72+X72+AA72+AD72+AG72+AJ72 -> 0 | AN72: =D72+G72+J72+M72+P72+S72+V72+Y72+AB72+AE72+AH72+AK72 -> 0 | AO72: =E72+H72+K72+N72+Q72+T72+W72+Z72+AC72+AF72+AI72+AL72 -> 0 | AP72: =IF(AM72=0,0,AN72/AM72) -> 0 | AQ72: =IF(AN72=0,0,AO72/AN72) -> 0
A73: 46086 | B73: Thu | AM73: =C73+F73+I73+L73+O73+R73+U73+X73+AA73+AD73+AG73+AJ73 -> 0 | AN73: =D73+G73+J73+M73+P73+S73+V73+Y73+AB73+AE73+AH73+AK73 -> 0 | AO73: =E73+H73+K73+N73+Q73+T73+W73+Z73+AC73+AF73+AI73+AL73 -> 0 | AP73: =IF(AM73=0,0,AN73/AM73) -> 0 | AQ73: =IF(AN73=0,0,AO73/AN73) -> 0
A74: 46087 | B74: Fri | AM74: =C74+F74+I74+L74+O74+R74+U74+X74+AA74+AD74+AG74+AJ74 -> 0 | AN74: =D74+G74+J74+M74+P74+S74+V74+Y74+AB74+AE74+AH74+AK74 -> 0 | AO74: =E74+H74+K74+N74+Q74+T74+W74+Z74+AC74+AF74+AI74+AL74 -> 0 | AP74: =IF(AM74=0,0,AN74/AM74) -> 0 | AQ74: =IF(AN74=0,0,AO74/AN74) -> 0
A75: 46088 | B75: Sat | AM75: =C75+F75+I75+L75+O75+R75+U75+X75+AA75+AD75+AG75+AJ75 -> 0 | AN75: =D75+G75+J75+M75+P75+S75+V75+Y75+AB75+AE75+AH75+AK75 -> 0 | AO75: =E75+H75+K75+N75+Q75+T75+W75+Z75+AC75+AF75+AI75+AL75 -> 0 | AP75: =IF(AM75=0,0,AN75/AM75) -> 0 | AQ75: =IF(AN75=0,0,AO75/AN75) -> 0
A76: 46089 | B76: Sun | AM76: =C76+F76+I76+L76+O76+R76+U76+X76+AA76+AD76+AG76+AJ76 -> 0 | AN76: =D76+G76+J76+M76+P76+S76+V76+Y76+AB76+AE76+AH76+AK76 -> 0 | AO76: =E76+H76+K76+N76+Q76+T76+W76+Z76+AC76+AF76+AI76+AL76 -> 0 | AP76: =IF(AM76=0,0,AN76/AM76) -> 0 | AQ76: =IF(AN76=0,0,AO76/AN76) -> 0
A77: 46090 | B77: Mon | AM77: =C77+F77+I77+L77+O77+R77+U77+X77+AA77+AD77+AG77+AJ77 -> 0 | AN77: =D77+G77+J77+M77+P77+S77+V77+Y77+AB77+AE77+AH77+AK77 -> 0 | AO77: =E77+H77+K77+N77+Q77+T77+W77+Z77+AC77+AF77+AI77+AL77 -> 0 | AP77: =IF(AM77=0,0,AN77/AM77) -> 0 | AQ77: =IF(AN77=0,0,AO77/AN77) -> 0
A78: 46091 | B78: Tue | AM78: =C78+F78+I78+L78+O78+R78+U78+X78+AA78+AD78+AG78+AJ78 -> 0 | AN78: =D78+G78+J78+M78+P78+S78+V78+Y78+AB78+AE78+AH78+AK78 -> 0 | AO78: =E78+H78+K78+N78+Q78+T78+W78+Z78+AC78+AF78+AI78+AL78 -> 0 | AP78: =IF(AM78=0,0,AN78/AM78) -> 0 | AQ78: =IF(AN78=0,0,AO78/AN78) -> 0
A79: 46092 | B79: Wed | AM79: =C79+F79+I79+L79+O79+R79+U79+X79+AA79+AD79+AG79+AJ79 -> 0 | AN79: =D79+G79+J79+M79+P79+S79+V79+Y79+AB79+AE79+AH79+AK79 -> 0 | AO79: =E79+H79+K79+N79+Q79+T79+W79+Z79+AC79+AF79+AI79+AL79 -> 0 | AP79: =IF(AM79=0,0,AN79/AM79) -> 0 | AQ79: =IF(AN79=0,0,AO79/AN79) -> 0
A80: 46093 | B80: Thu | AM80: =C80+F80+I80+L80+O80+R80+U80+X80+AA80+AD80+AG80+AJ80 -> 0 | AN80: =D80+G80+J80+M80+P80+S80+V80+Y80+AB80+AE80+AH80+AK80 -> 0 | AO80: =E80+H80+K80+N80+Q80+T80+W80+Z80+AC80+AF80+AI80+AL80 -> 0 | AP80: =IF(AM80=0,0,AN80/AM80) -> 0 | AQ80: =IF(AN80=0,0,AO80/AN80) -> 0
... A99: 46112 | B99: Tue | AM99: =C99+F99+I99+L99+O99+R99+U99+X99+AA99+AD99+AG99+AJ99 -> 0 | AN99: =D99+G99+J99+M99+P99+S99+V99+Y99+AB99+AE99+AH99+AK99 -> 0 | AO99: =E99+H99+K99+N99+Q99+T99+W99+Z99+AC99+AF99+AI99+AL99 -> 0 | AP99: =IF(AM99=0,0,AN99/AM99) -> 0 | AQ99: =IF(AN99=0,0,AO99/AN99) -> 0
A100: March Total | C100: =SUM(C69:C99) -> 0 | D100: =SUM(D69:D99) -> 0 | E100: =SUM(E69:E99) -> 0 | F100: =SUM(F69:F99) -> 0 | G100: =SUM(G69:G99) -> 0 | H100: =SUM(H69:H99) -> 0 | I100: =SUM(I69:I99) -> 0 | J100: =SUM(J69:J99) -> 0 | ... AO100: =SUM(AO69:AO99) -> 0 | AP100: =IF(AM100=0,0,AN100/AM100) -> 0 | AQ100: =IF(AN100=0,0,AO100/AN100) -> 0
A102: APRIL 2026
A103: 46113 | B103: Wed | AM103: =C103+F103+I103+L103+O103+R103+U103+X103+AA103+AD103+AG103+AJ103 -> 0 | AN103: =D103+G103+J103+M103+P103+S103+V103+Y103+AB103+AE103+AH103+AK103 -> 0 | AO103: =E103+H103+K103+N103+Q103+T103+W103+Z103+AC103+AF103+AI103+AL103 -> 0 | AP103: =IF(AM103=0,0,AN103/AM103) -> 0 | AQ103: =IF(AN103=0,0,AO103/AN103) -> 0
A104: 46114 | B104: Thu | AM104: =C104+F104+I104+L104+O104+R104+U104+X104+AA104+AD104+AG104+AJ104 -> 0 | AN104: =D104+G104+J104+M104+P104+S104+V104+Y104+AB104+AE104+AH104+AK104 -> 0 | AO104: =E104+H104+K104+N104+Q104+T104+W104+Z104+AC104+AF104+AI104+AL104 -> 0 | AP104: =IF(AM104=0,0,AN104/AM104) -> 0 | AQ104: =IF(AN104=0,0,AO104/AN104) -> 0
A105: 46115 | B105: Fri | AM105: =C105+F105+I105+L105+O105+R105+U105+X105+AA105+AD105+AG105+AJ105 -> 0 | AN105: =D105+G105+J105+M105+P105+S105+V105+Y105+AB105+AE105+AH105+AK105 -> 0 | AO105: =E105+H105+K105+N105+Q105+T105+W105+Z105+AC105+AF105+AI105+AL105 -> 0 | AP105: =IF(AM105=0,0,AN105/AM105) -> 0 | AQ105: =IF(AN105=0,0,AO105/AN105) -> 0
A106: 46116 | B106: Sat | AM106: =C106+F106+I106+L106+O106+R106+U106+X106+AA106+AD106+AG106+AJ106 -> 0 | AN106: =D106+G106+J106+M106+P106+S106+V106+Y106+AB106+AE106+AH106+AK106 -> 0 | AO106: =E106+H106+K106+N106+Q106+T106+W106+Z106+AC106+AF106+AI106+AL106 -> 0 | AP106: =IF(AM106=0,0,AN106/AM106) -> 0 | AQ106: =IF(AN106=0,0,AO106/AN106) -> 0
A107: 46117 | B107: Sun | AM107: =C107+F107+I107+L107+O107+R107+U107+X107+AA107+AD107+AG107+AJ107 -> 0 | AN107: =D107+G107+J107+M107+P107+S107+V107+Y107+AB107+AE107+AH107+AK107 -> 0 | AO107: =E107+H107+K107+N107+Q107+T107+W107+Z107+AC107+AF107+AI107+AL107 -> 0 | AP107: =IF(AM107=0,0,AN107/AM107) -> 0 | AQ107: =IF(AN107=0,0,AO107/AN107) -> 0
A108: 46118 | B108: Mon | AM108: =C108+F108+I108+L108+O108+R108+U108+X108+AA108+AD108+AG108+AJ108 -> 0 | AN108: =D108+G108+J108+M108+P108+S108+V108+Y108+AB108+AE108+AH108+AK108 -> 0 | AO108: =E108+H108+K108+N108+Q108+T108+W108+Z108+AC108+AF108+AI108+AL108 -> 0 | AP108: =IF(AM108=0,0,AN108/AM108) -> 0 | AQ108: =IF(AN108=0,0,AO108/AN108) -> 0
A109: 46119 | B109: Tue | AM109: =C109+F109+I109+L109+O109+R109+U109+X109+AA109+AD109+AG109+AJ109 -> 0 | AN109: =D109+G109+J109+M109+P109+S109+V109+Y109+AB109+AE109+AH109+AK109 -> 0 | AO109: =E109+H109+K109+N109+Q109+T109+W109+Z109+AC109+AF109+AI109+AL109 -> 0 | AP109: =IF(AM109=0,0,AN109/AM109) -> 0 | AQ109: =IF(AN109=0,0,AO109/AN109) -> 0
A110: 46120 | B110: Wed | AM110: =C110+F110+I110+L110+O110+R110+U110+X110+AA110+AD110+AG110+AJ110 -> 0 | AN110: =D110+G110+J110+M110+P110+S110+V110+Y110+AB110+AE110+AH110+AK110 -> 0 | AO110: =E110+H110+K110+N110+Q110+T110+W110+Z110+AC110+AF110+AI110+AL110 -> 0 | AP110: =IF(AM110=0,0,AN110/AM110) -> 0 | AQ110: =IF(AN110=0,0,AO110/AN110) -> 0
A111: 46121 | B111: Thu | AM111: =C111+F111+I111+L111+O111+R111+U111+X111+AA111+AD111+AG111+AJ111 -> 0 | AN111: =D111+G111+J111+M111+P111+S111+V111+Y111+AB111+AE111+AH111+AK111 -> 0 | AO111: =E111+H111+K111+N111+Q111+T111+W111+Z111+AC111+AF111+AI111+AL111 -> 0 | AP111: =IF(AM111=0,0,AN111/AM111) -> 0 | AQ111: =IF(AN111=0,0,AO111/AN111) -> 0
A112: 46122 | B112: Fri | AM112: =C112+F112+I112+L112+O112+R112+U112+X112+AA112+AD112+AG112+AJ112 -> 0 | AN112: =D112+G112+J112+M112+P112+S112+V112+Y112+AB112+AE112+AH112+AK112 -> 0 | AO112: =E112+H112+K112+N112+Q112+T112+W112+Z112+AC112+AF112+AI112+AL112 -> 0 | AP112: =IF(AM112=0,0,AN112/AM112) -> 0 | AQ112: =IF(AN112=0,0,AO112/AN112) -> 0
A113: 46123 | B113: Sat | AM113: =C113+F113+I113+L113+O113+R113+U113+X113+AA113+AD113+AG113+AJ113 -> 0 | AN113: =D113+G113+J113+M113+P113+S113+V113+Y113+AB113+AE113+AH113+AK113 -> 0 | AO113: =E113+H113+K113+N113+Q113+T113+W113+Z113+AC113+AF113+AI113+AL113 -> 0 | AP113: =IF(AM113=0,0,AN113/AM113) -> 0 | AQ113: =IF(AN113=0,0,AO113/AN113) -> 0
A114: 46124 | B114: Sun | AM114: =C114+F114+I114+L114+O114+R114+U114+X114+AA114+AD114+AG114+AJ114 -> 0 | AN114: =D114+G114+J114+M114+P114+S114+V114+Y114+AB114+AE114+AH114+AK114 -> 0 | AO114: =E114+H114+K114+N114+Q114+T114+W114+Z114+AC114+AF114+AI114+AL114 -> 0 | AP114: =IF(AM114=0,0,AN114/AM114) -> 0 | AQ114: =IF(AN114=0,0,AO114/AN114) -> 0
... A132: 46142 | B132: Thu | AM132: =C132+F132+I132+L132+O132+R132+U132+X132+AA132+AD132+AG132+AJ132 -> 0 | AN132: =D132+G132+J132+M132+P132+S132+V132+Y132+AB132+AE132+AH132+AK132 -> 0 | AO132: =E132+H132+K132+N132+Q132+T132+W132+Z132+AC132+AF132+AI132+AL132 -> 0 | AP132: =IF(AM132=0,0,AN132/AM132) -> 0 | AQ132: =IF(AN132=0,0,AO132/AN132) -> 0
A133: April Total | C133: =SUM(C103:C132) -> 0 | D133: =SUM(D103:D132) -> 0 | E133: =SUM(E103:E132) -> 0 | F133: =SUM(F103:F132) -> 0 | G133: =SUM(G103:G132) -> 0 | H133: =SUM(H103:H132) -> 0 | I133: =SUM(I103:I132) -> 0 | J133: =SUM(J103:J132) -> 0 | ... AO133: =SUM(AO103:AO132) -> 0 | AP133: =IF(AM133=0,0,AN133/AM133) -> 0 | AQ133: =IF(AN133=0,0,AO133/AN133) -> 0
A135: MAY 2026
A136: 46143 | B136: Fri | AM136: =C136+F136+I136+L136+O136+R136+U136+X136+AA136+AD136+AG136+AJ136 -> 0 | AN136: =D136+G136+J136+M136+P136+S136+V136+Y136+AB136+AE136+AH136+AK136 -> 0 | AO136: =E136+H136+K136+N136+Q136+T136+W136+Z136+AC136+AF136+AI136+AL136 -> 0 | AP136: =IF(AM136=0,0,AN136/AM136) -> 0 | AQ136: =IF(AN136=0,0,AO136/AN136) -> 0
A137: 46144 | B137: Sat | AM137: =C137+F137+I137+L137+O137+R137+U137+X137+AA137+AD137+AG137+AJ137 -> 0 | AN137: =D137+G137+J137+M137+P137+S137+V137+Y137+AB137+AE137+AH137+AK137 -> 0 | AO137: =E137+H137+K137+N137+Q137+T137+W137+Z137+AC137+AF137+AI137+AL137 -> 0 | AP137: =IF(AM137=0,0,AN137/AM137) -> 0 | AQ137: =IF(AN137=0,0,AO137/AN137) -> 0
A138: 46145 | B138: Sun | AM138: =C138+F138+I138+L138+O138+R138+U138+X138+AA138+AD138+AG138+AJ138 -> 0 | AN138: =D138+G138+J138+M138+P138+S138+V138+Y138+AB138+AE138+AH138+AK138 -> 0 | AO138: =E138+H138+K138+N138+Q138+T138+W138+Z138+AC138+AF138+AI138+AL138 -> 0 | AP138: =IF(AM138=0,0,AN138/AM138) -> 0 | AQ138: =IF(AN138=0,0,AO138/AN138) -> 0
A139: 46146 | B139: Mon | AM139: =C139+F139+I139+L139+O139+R139+U139+X139+AA139+AD139+AG139+AJ139 -> 0 | AN139: =D139+G139+J139+M139+P139+S139+V139+Y139+AB139+AE139+AH139+AK139 -> 0 | AO139: =E139+H139+K139+N139+Q139+T139+W139+Z139+AC139+AF139+AI139+AL139 -> 0 | AP139: =IF(AM139=0,0,AN139/AM139) -> 0 | AQ139: =IF(AN139=0,0,AO139/AN139) -> 0
A140: 46147 | B140: Tue | AM140: =C140+F140+I140+L140+O140+R140+U140+X140+AA140+AD140+AG140+AJ140 -> 0 | AN140: =D140+G140+J140+M140+P140+S140+V140+Y140+AB140+AE140+AH140+AK140 -> 0 | AO140: =E140+H140+K140+N140+Q140+T140+W140+Z140+AC140+AF140+AI140+AL140 -> 0 | AP140: =IF(AM140=0,0,AN140/AM140) -> 0 | AQ140: =IF(AN140=0,0,AO140/AN140) -> 0
A141: 46148 | B141: Wed | AM141: =C141+F141+I141+L141+O141+R141+U141+X141+AA141+AD141+AG141+AJ141 -> 0 | AN141: =D141+G141+J141+M141+P141+S141+V141+Y141+AB141+AE141+AH141+AK141 -> 0 | AO141: =E141+H141+K141+N141+Q141+T141+W141+Z141+AC141+AF141+AI141+AL141 -> 0 | AP141: =IF(AM141=0,0,AN141/AM141) -> 0 | AQ141: =IF(AN141=0,0,AO141/AN141) -> 0
A142: 46149 | B142: Thu | AM142: =C142+F142+I142+L142+O142+R142+U142+X142+AA142+AD142+AG142+AJ142 -> 0 | AN142: =D142+G142+J142+M142+P142+S142+V142+Y142+AB142+AE142+AH142+AK142 -> 0 | AO142: =E142+H142+K142+N142+Q142+T142+W142+Z142+AC142+AF142+AI142+AL142 -> 0 | AP142: =IF(AM142=0,0,AN142/AM142) -> 0 | AQ142: =IF(AN142=0,0,AO142/AN142) -> 0
A143: 46150 | B143: Fri | AM143: =C143+F143+I143+L143+O143+R143+U143+X143+AA143+AD143+AG143+AJ143 -> 0 | AN143: =D143+G143+J143+M143+P143+S143+V143+Y143+AB143+AE143+AH143+AK143 -> 0 | AO143: =E143+H143+K143+N143+Q143+T143+W143+Z143+AC143+AF143+AI143+AL143 -> 0 | AP143: =IF(AM143=0,0,AN143/AM143) -> 0 | AQ143: =IF(AN143=0,0,AO143/AN143) -> 0
A144: 46151 | B144: Sat | AM144: =C144+F144+I144+L144+O144+R144+U144+X144+AA144+AD144+AG144+AJ144 -> 0 | AN144: =D144+G144+J144+M144+P144+S144+V144+Y144+AB144+AE144+AH144+AK144 -> 0 | AO144: =E144+H144+K144+N144+Q144+T144+W144+Z144+AC144+AF144+AI144+AL144 -> 0 | AP144: =IF(AM144=0,0,AN144/AM144) -> 0 | AQ144: =IF(AN144=0,0,AO144/AN144) -> 0
A145: 46152 | B145: Sun | AM145: =C145+F145+I145+L145+O145+R145+U145+X145+AA145+AD145+AG145+AJ145 -> 0 | AN145: =D145+G145+J145+M145+P145+S145+V145+Y145+AB145+AE145+AH145+AK145 -> 0 | AO145: =E145+H145+K145+N145+Q145+T145+W145+Z145+AC145+AF145+AI145+AL145 -> 0 | AP145: =IF(AM145=0,0,AN145/AM145) -> 0 | AQ145: =IF(AN145=0,0,AO145/AN145) -> 0
A146: 46153 | B146: Mon | AM146: =C146+F146+I146+L146+O146+R146+U146+X146+AA146+AD146+AG146+AJ146 -> 0 | AN146: =D146+G146+J146+M146+P146+S146+V146+Y146+AB146+AE146+AH146+AK146 -> 0 | AO146: =E146+H146+K146+N146+Q146+T146+W146+Z146+AC146+AF146+AI146+AL146 -> 0 | AP146: =IF(AM146=0,0,AN146/AM146) -> 0 | AQ146: =IF(AN146=0,0,AO146/AN146) -> 0
A147: 46154 | B147: Tue | AM147: =C147+F147+I147+L147+O147+R147+U147+X147+AA147+AD147+AG147+AJ147 -> 0 | AN147: =D147+G147+J147+M147+P147+S147+V147+Y147+AB147+AE147+AH147+AK147 -> 0 | AO147: =E147+H147+K147+N147+Q147+T147+W147+Z147+AC147+AF147+AI147+AL147 -> 0 | AP147: =IF(AM147=0,0,AN147/AM147) -> 0 | AQ147: =IF(AN147=0,0,AO147/AN147) -> 0
... A166: 46173 | B166: Sun | AM166: =C166+F166+I166+L166+O166+R166+U166+X166+AA166+AD166+AG166+AJ166 -> 0 | AN166: =D166+G166+J166+M166+P166+S166+V166+Y166+AB166+AE166+AH166+AK166 -> 0 | AO166: =E166+H166+K166+N166+Q166+T166+W166+Z166+AC166+AF166+AI166+AL166 -> 0 | AP166: =IF(AM166=0,0,AN166/AM166) -> 0 | AQ166: =IF(AN166=0,0,AO166/AN166) -> 0
A167: May Total | C167: =SUM(C136:C166) -> 0 | D167: =SUM(D136:D166) -> 0 | E167: =SUM(E136:E166) -> 0 | F167: =SUM(F136:F166) -> 0 | G167: =SUM(G136:G166) -> 0 | H167: =SUM(H136:H166) -> 0 | I167: =SUM(I136:I166) -> 0 | J167: =SUM(J136:J166) -> 0 | ... AO167: =SUM(AO136:AO166) -> 0 | AP167: =IF(AM167=0,0,AN167/AM167) -> 0 | AQ167: =IF(AN167=0,0,AO167/AN167) -> 0
A169: JUNE 2026
A170: 46174 | B170: Mon | AM170: =C170+F170+I170+L170+O170+R170+U170+X170+AA170+AD170+AG170+AJ170 -> 0 | AN170: =D170+G170+J170+M170+P170+S170+V170+Y170+AB170+AE170+AH170+AK170 -> 0 | AO170: =E170+H170+K170+N170+Q170+T170+W170+Z170+AC170+AF170+AI170+AL170 -> 0 | AP170: =IF(AM170=0,0,AN170/AM170) -> 0 | AQ170: =IF(AN170=0,0,AO170/AN170) -> 0
A171: 46175 | B171: Tue | AM171: =C171+F171+I171+L171+O171+R171+U171+X171+AA171+AD171+AG171+AJ171 -> 0 | AN171: =D171+G171+J171+M171+P171+S171+V171+Y171+AB171+AE171+AH171+AK171 -> 0 | AO171: =E171+H171+K171+N171+Q171+T171+W171+Z171+AC171+AF171+AI171+AL171 -> 0 | AP171: =IF(AM171=0,0,AN171/AM171) -> 0 | AQ171: =IF(AN171=0,0,AO171/AN171) -> 0
A172: 46176 | B172: Wed | AM172: =C172+F172+I172+L172+O172+R172+U172+X172+AA172+AD172+AG172+AJ172 -> 0 | AN172: =D172+G172+J172+M172+P172+S172+V172+Y172+AB172+AE172+AH172+AK172 -> 0 | AO172: =E172+H172+K172+N172+Q172+T172+W172+Z172+AC172+AF172+AI172+AL172 -> 0 | AP172: =IF(AM172=0,0,AN172/AM172) -> 0 | AQ172: =IF(AN172=0,0,AO172/AN172) -> 0
A173: 46177 | B173: Thu | AM173: =C173+F173+I173+L173+O173+R173+U173+X173+AA173+AD173+AG173+AJ173 -> 0 | AN173: =D173+G173+J173+M173+P173+S173+V173+Y173+AB173+AE173+AH173+AK173 -> 0 | AO173: =E173+H173+K173+N173+Q173+T173+W173+Z173+AC173+AF173+AI173+AL173 -> 0 | AP173: =IF(AM173=0,0,AN173/AM173) -> 0 | AQ173: =IF(AN173=0,0,AO173/AN173) -> 0
...

Sheet Weekly Summary
A1: WEEKLY SUMMARY — 2026
A2: All 52 weeks with per-rep and team totals. Auto-populated from Daily Input.
A4: Week 1 (01/01 – 01/04)
A5: Rep | B5: Sets | C5: Shows | D5: Closed Won | E5: Show Rate | F5: Close Rate
A6: Andrew Rockstroh | B6: =SUM('Daily Input'!C4:C7) -> 1 | C6: =SUM('Daily Input'!D4:D7) -> 1 | D6: =SUM('Daily Input'!E4:E7) -> 0 | E6: =IF(B6=0,0,C6/B6) -> 1 | F6: =IF(C6=0,0,D6/C6) -> 0
A7: Bryan Fletcher | B7: =SUM('Daily Input'!F4:F7) -> 0 | C7: =SUM('Daily Input'!G4:G7) -> 0 | D7: =SUM('Daily Input'!H4:H7) -> 0 | E7: =IF(B7=0,0,C7/B7) -> 0 | F7: =IF(C7=0,0,D7/C7) -> 0
A8: Coby De Lucia | B8: =SUM('Daily Input'!I4:I7) -> 0 | C8: =SUM('Daily Input'!J4:J7) -> 0 | D8: =SUM('Daily Input'!K4:K7) -> 0 | E8: =IF(B8=0,0,C8/B8) -> 0 | F8: =IF(C8=0,0,D8/C8) -> 0
A9: Dave Konkol | B9: =SUM('Daily Input'!L4:L7) -> 0 | C9: =SUM('Daily Input'!M4:M7) -> 0 | D9: =SUM('Daily Input'!N4:N7) -> 0 | E9: =IF(B9=0,0,C9/B9) -> 0 | F9: =IF(C9=0,0,D9/C9) -> 0
A10: Matt Delaune | B10: =SUM('Daily Input'!O4:O7) -> 0 | C10: =SUM('Daily Input'!P4:P7) -> 0 | D10: =SUM('Daily Input'!Q4:Q7) -> 0 | E10: =IF(B10=0,0,C10/B10) -> 0 | F10: =IF(C10=0,0,D10/C10) -> 0
A11: Ryan David | B11: =SUM('Daily Input'!R4:R7) -> 0 | C11: =SUM('Daily Input'!S4:S7) -> 0 | D11: =SUM('Daily Input'!T4:T7) -> 0 | E11: =IF(B11=0,0,C11/B11) -> 0 | F11: =IF(C11=0,0,D11/C11) -> 0
A12: Tyler Duprey | B12: =SUM('Daily Input'!U4:U7) -> 0 | C12: =SUM('Daily Input'!V4:V7) -> 0 | D12: =SUM('Daily Input'!W4:W7) -> 0 | E12: =IF(B12=0,0,C12/B12) -> 0 | F12: =IF(C12=0,0,D12/C12) -> 0
A13: Michael Wynkoop | B13: =SUM('Daily Input'!X4:X7) -> 0 | C13: =SUM('Daily Input'!Y4:Y7) -> 0 | D13: =SUM('Daily Input'!Z4:Z7) -> 0 | E13: =IF(B13=0,0,C13/B13) -> 0 | F13: =IF(C13=0,0,D13/C13) -> 0
A14: Sydney Darrow | B14: =SUM('Daily Input'!AA4:AA7) -> 0 | C14: =SUM('Daily Input'!AB4:AB7) -> 0 | D14: =SUM('Daily Input'!AC4:AC7) -> 0 | E14: =IF(B14=0,0,C14/B14) -> 0 | F14: =IF(C14=0,0,D14/C14) -> 0
A15: Michael Helton | B15: =SUM('Daily Input'!AD4:AD7) -> 0 | C15: =SUM('Daily Input'!AE4:AE7) -> 0 | D15: =SUM('Daily Input'!AF4:AF7) -> 0 | E15: =IF(B15=0,0,C15/B15) -> 0 | F15: =IF(C15=0,0,D15/C15) -> 0
A16: Jacob Mann | B16: =SUM('Daily Input'!AG4:AG7) -> 0 | C16: =SUM('Daily Input'!AH4:AH7) -> 0 | D16: =SUM('Daily Input'!AI4:AI7) -> 0 | E16: =IF(B16=0,0,C16/B16) -> 0 | F16: =IF(C16=0,0,D16/C16) -> 0
A17: Brandon Steed | B17: =SUM('Daily Input'!AJ4:AJ7) -> 0 | C17: =SUM('Daily Input'!AK4:AK7) -> 0 | D17: =SUM('Daily Input'!AL4:AL7) -> 0 | E17: =IF(B17=0,0,C17/B17) -> 0 | F17: =IF(C17=0,0,D17/C17) -> 0
A18: TEAM TOTAL | B18: =SUM(B6:B17) -> 1 | C18: =SUM(C6:C17) -> 1 | D18: =SUM(D6:D17) -> 0 | E18: =IF(B18=0,0,C18/B18) -> 1 | F18: =IF(C18=0,0,D18/C18) -> 0
A20: Week 2 (01/05 – 01/11)
A21: Rep | B21: Sets | C21: Shows | D21: Closed Won | E21: Show Rate | F21: Close Rate
A22: Andrew Rockstroh | B22: =SUM('Daily Input'!C8:C14) -> 13 | C22: =SUM('Daily Input'!D8:D14) -> 5 | D22: =SUM('Daily Input'!E8:E14) -> 0 | E22: =IF(B22=0,0,C22/B22) -> 0.38461538 | F22: =IF(C22=0,0,D22/C22) -> 0
A23: Bryan Fletcher | B23: =SUM('Daily Input'!F8:F14) -> 7 | C23: =SUM('Daily Input'!G8:G14) -> 2 | D23: =SUM('Daily Input'!H8:H14) -> 0 | E23: =IF(B23=0,0,C23/B23) -> 0.28571429 | F23: =IF(C23=0,0,D23/C23) -> 0
A24: Coby De Lucia | B24: =SUM('Daily Input'!I8:I14) -> 1 | C24: =SUM('Daily Input'!J8:J14) -> 0 | D24: =SUM('Daily Input'!K8:K14) -> 0 | E24: =IF(B24=0,0,C24/B24) -> 0 | F24: =IF(C24=0,0,D24/C24) -> 0
A25: Dave Konkol | B25: =SUM('Daily Input'!L8:L14) -> 3 | C25: =SUM('Daily Input'!M8:M14) -> 1 | D25: =SUM('Daily Input'!N8:N14) -> 0 | E25: =IF(B25=0,0,C25/B25) -> 0.33333333 | F25: =IF(C25=0,0,D25/C25) -> 0
A26: Matt Delaune | B26: =SUM('Daily Input'!O8:O14) -> 3 | C26: =SUM('Daily Input'!P8:P14) -> 2 | D26: =SUM('Daily Input'!Q8:Q14) -> 0 | E26: =IF(B26=0,0,C26/B26) -> 0.66666667 | F26: =IF(C26=0,0,D26/C26) -> 0
A27: Ryan David | B27: =SUM('Daily Input'!R8:R14) -> 5 | C27: =SUM('Daily Input'!S8:S14) -> 2 | D27: =SUM('Daily Input'!T8:T14) -> 0 | E27: =IF(B27=0,0,C27/B27) -> 0.4 | F27: =IF(C27=0,0,D27/C27) -> 0
A28: Tyler Duprey | B28: =SUM('Daily Input'!U8:U14) -> 1 | C28: =SUM('Daily Input'!V8:V14) -> 1 | D28: =SUM('Daily Input'!W8:W14) -> 0 | E28: =IF(B28=0,0,C28/B28) -> 1 | F28: =IF(C28=0,0,D28/C28) -> 0
A29: Michael Wynkoop | B29: =SUM('Daily Input'!X8:X14) -> 0 | C29: =SUM('Daily Input'!Y8:Y14) -> 0 | D29: =SUM('Daily Input'!Z8:Z14) -> 0 | E29: =IF(B29=0,0,C29/B29) -> 0 | F29: =IF(C29=0,0,D29/C29) -> 0
A30: Sydney Darrow | B30: =SUM('Daily Input'!AA8:AA14) -> 0 | C30: =SUM('Daily Input'!AB8:AB14) -> 0 | D30: =SUM('Daily Input'!AC8:AC14) -> 0 | E30: =IF(B30=0,0,C30/B30) -> 0 | F30: =IF(C30=0,0,D30/C30) -> 0
A31: Michael Helton | B31: =SUM('Daily Input'!AD8:AD14) -> 0 | C31: =SUM('Daily Input'!AE8:AE14) -> 0 | D31: =SUM('Daily Input'!AF8:AF14) -> 0 | E31: =IF(B31=0,0,C31/B31) -> 0 | F31: =IF(C31=0,0,D31/C31) -> 0
A32: Jacob Mann | B32: =SUM('Daily Input'!AG8:AG14) -> 0 | C32: =SUM('Daily Input'!AH8:AH14) -> 0 | D32: =SUM('Daily Input'!AI8:AI14) -> 0 | E32: =IF(B32=0,0,C32/B32) -> 0 | F32: =IF(C32=0,0,D32/C32) -> 0
A33: Brandon Steed | B33: =SUM('Daily Input'!AJ8:AJ14) -> 0 | C33: =SUM('Daily Input'!AK8:AK14) -> 0 | D33: =SUM('Daily Input'!AL8:AL14) -> 0 | E33: =IF(B33=0,0,C33/B33) -> 0 | F33: =IF(C33=0,0,D33/C33) -> 0
A34: TEAM TOTAL | B34: =SUM(B22:B33) -> 33 | C34: =SUM(C22:C33) -> 13 | D34: =SUM(D22:D33) -> 0 | E34: =IF(B34=0,0,C34/B34) -> 0.39393939 | F34: =IF(C34=0,0,D34/C34) -> 0
A36: Week 3 (01/12 – 01/18)
A37: Rep | B37: Sets | C37: Shows | D37: Closed Won | E37: Show Rate | F37: Close Rate
A38: Andrew Rockstroh | B38: =SUM('Daily Input'!C15:C21) -> 6 | C38: =SUM('Daily Input'!D15:D21) -> 4 | D38: =SUM('Daily Input'!E15:E21) -> 0 | E38: =IF(B38=0,0,C38/B38) -> 0.66666667 | F38: =IF(C38=0,0,D38/C38) -> 0
A39: Bryan Fletcher | B39: =SUM('Daily Input'!F15:F21) -> 5 | C39: =SUM('Daily Input'!G15:G21) -> 3 | D39: =SUM('Daily Input'!H15:H21) -> 0 | E39: =IF(B39=0,0,C39/B39) -> 0.6 | F39: =IF(C39=0,0,D39/C39) -> 0
A40: Coby De Lucia | B40: =SUM('Daily Input'!I15:I21) -> 0 | C40: =SUM('Daily Input'!J15:J21) -> 0 | D40: =SUM('Daily Input'!K15:K21) -> 0 | E40: =IF(B40=0,0,C40/B40) -> 0 | F40: =IF(C40=0,0,D40/C40) -> 0
A41: Dave Konkol | B41: =SUM('Daily Input'!L15:L21) -> 8 | C41: =SUM('Daily Input'!M15:M21) -> 4 | D41: =SUM('Daily Input'!N15:N21) -> 0 | E41: =IF(B41=0,0,C41/B41) -> 0.5 | F41: =IF(C41=0,0,D41/C41) -> 0
A42: Matt Delaune | B42: =SUM('Daily Input'!O15:O21) -> 2 | C42: =SUM('Daily Input'!P15:P21) -> 1 | D42: =SUM('Daily Input'!Q15:Q21) -> 0 | E42: =IF(B42=0,0,C42/B42) -> 0.5 | F42: =IF(C42=0,0,D42/C42) -> 0
A43: Ryan David | B43: =SUM('Daily Input'!R15:R21) -> 7 | C43: =SUM('Daily Input'!S15:S21) -> 3 | D43: =SUM('Daily Input'!T15:T21) -> 0 | E43: =IF(B43=0,0,C43/B43) -> 0.42857143 | F43: =IF(C43=0,0,D43/C43) -> 0
A44: Tyler Duprey | B44: =SUM('Daily Input'!U15:U21) -> 5 | C44: =SUM('Daily Input'!V15:V21) -> 2 | D44: =SUM('Daily Input'!W15:W21) -> 0 | E44: =IF(B44=0,0,C44/B44) -> 0.4 | F44: =IF(C44=0,0,D44/C44) -> 0
A45: Michael Wynkoop | B45: =SUM('Daily Input'!X15:X21) -> 0 | C45: =SUM('Daily Input'!Y15:Y21) -> 0 | D45: =SUM('Daily Input'!Z15:Z21) -> 0 | E45: =IF(B45=0,0,C45/B45) -> 0 | F45: =IF(C45=0,0,D45/C45) -> 0
A46: Sydney Darrow | B46: =SUM('Daily Input'!AA15:AA21) -> 0 | C46: =SUM('Daily Input'!AB15:AB21) -> 0 | D46: =SUM('Daily Input'!AC15:AC21) -> 0 | E46: =IF(B46=0,0,C46/B46) -> 0 | F46: =IF(C46=0,0,D46/C46) -> 0
A47: Michael Helton | B47: =SUM('Daily Input'!AD15:AD21) -> 0 | C47: =SUM('Daily Input'!AE15:AE21) -> 0 | D47: =SUM('Daily Input'!AF15:AF21) -> 0 | E47: =IF(B47=0,0,C47/B47) -> 0 | F47: =IF(C47=0,0,D47/C47) -> 0
A48: Jacob Mann | B48: =SUM('Daily Input'!AG15:AG21) -> 0 | C48: =SUM('Daily Input'!AH15:AH21) -> 0 | D48: =SUM('Daily Input'!AI15:AI21) -> 0 | E48: =IF(B48=0,0,C48/B48) -> 0 | F48: =IF(C48=0,0,D48/C48) -> 0
A49: Brandon Steed | B49: =SUM('Daily Input'!AJ15:AJ21) -> 0 | C49: =SUM('Daily Input'!AK15:AK21) -> 0 | D49: =SUM('Daily Input'!AL15:AL21) -> 0 | E49: =IF(B49=0,0,C49/B49) -> 0 | F49: =IF(C49=0,0,D49/C49) -> 0
A50: TEAM TOTAL | B50: =SUM(B38:B49) -> 33 | C50: =SUM(C38:C49) -> 17 | D50: =SUM(D38:D49) -> 0 | E50: =IF(B50=0,0,C50/B50) -> 0.51515152 | F50: =IF(C50=0,0,D50/C50) -> 0
A52: Week 4 (01/19 – 01/25)
A53: Rep | B53: Sets | C53: Shows | D53: Closed Won | E53: Show Rate | F53: Close Rate
A54: Andrew Rockstroh | B54: =SUM('Daily Input'!C22:C28) -> 2 | C54: =SUM('Daily Input'!D22:D28) -> 1 | D54: =SUM('Daily Input'!E22:E28) -> 0 | E54: =IF(B54=0,0,C54/B54) -> 0.5 | F54: =IF(C54=0,0,D54/C54) -> 0
A55: Bryan Fletcher | B55: =SUM('Daily Input'!F22:F28) -> 0 | C55: =SUM('Daily Input'!G22:G28) -> 2 | D55: =SUM('Daily Input'!H22:H28) -> 0 | E55: =IF(B55=0,0,C55/B55) -> 0 | F55: =IF(C55=0,0,D55/C55) -> 0
A56: Coby De Lucia | B56: =SUM('Daily Input'!I22:I28) -> 0 | C56: =SUM('Daily Input'!J22:J28) -> 0 | D56: =SUM('Daily Input'!K22:K28) -> 0 | E56: =IF(B56=0,0,C56/B56) -> 0 | F56: =IF(C56=0,0,D56/C56) -> 0
A57: Dave Konkol | B57: =SUM('Daily Input'!L22:L28) -> 2 | C57: =SUM('Daily Input'!M22:M28) -> 1 | D57: =SUM('Daily Input'!N22:N28) -> 0 | E57: =IF(B57=0,0,C57/B57) -> 0.5 | F57: =IF(C57=0,0,D57/C57) -> 0
A58: Matt Delaune | B58: =SUM('Daily Input'!O22:O28) -> 4 | C58: =SUM('Daily Input'!P22:P28) -> 1 | D58: =SUM('Daily Input'!Q22:Q28) -> 0 | E58: =IF(B58=0,0,C58/B58) -> 0.25 | F58: =IF(C58=0,0,D58/C58) -> 0
A59: Ryan David | B59: =SUM('Daily Input'!R22:R28) -> 4 | C59: =SUM('Daily Input'!S22:S28) -> 4 | D59: =SUM('Daily Input'!T22:T28) -> 0 | E59: =IF(B59=0,0,C59/B59) -> 1 | F59: =IF(C59=0,0,D59/C59) -> 0
A60: Tyler Duprey | B60: =SUM('Daily Input'!U22:U28) -> 1 | C60: =SUM('Daily Input'!V22:V28) -> 2 | D60: =SUM('Daily Input'!W22:W28) -> 0 | E60: =IF(B60=0,0,C60/B60) -> 2 | F60: =IF(C60=0,0,D60/C60) -> 0
A61: Michael Wynkoop | B61: =SUM('Daily Input'!X22:X28) -> 2 | C61: =SUM('Daily Input'!Y22:Y28) -> 1 | D61: =SUM('Daily Input'!Z22:Z28) -> 0 | E61: =IF(B61=0,0,C61/B61) -> 0.5 | F61: =IF(C61=0,0,D61/C61) -> 0
A62: Sydney Darrow | B62: =SUM('Daily Input'!AA22:AA28) -> 2 | C62: =SUM('Daily Input'!AB22:AB28) -> 0 | D62: =SUM('Daily Input'!AC22:AC28) -> 0 | E62: =IF(B62=0,0,C62/B62) -> 0 | F62: =IF(C62=0,0,D62/C62) -> 0
A63: Michael Helton | B63: =SUM('Daily Input'!AD22:AD28) -> 0 | C63: =SUM('Daily Input'!AE22:AE28) -> 0 | D63: =SUM('Daily Input'!AF22:AF28) -> 0 | E63: =IF(B63=0,0,C63/B63) -> 0 | F63: =IF(C63=0,0,D63/C63) -> 0
A64: Jacob Mann | B64: =SUM('Daily Input'!AG22:AG28) -> 0 | C64: =SUM('Daily Input'!AH22:AH28) -> 0 | D64: =SUM('Daily Input'!AI22:AI28) -> 0 | E64: =IF(B64=0,0,C64/B64) -> 0 | F64: =IF(C64=0,0,D64/C64) -> 0
A65: Brandon Steed | B65: =SUM('Daily Input'!AJ22:AJ28) -> 0 | C65: =SUM('Daily Input'!AK22:AK28) -> 0 | D65: =SUM('Daily Input'!AL22:AL28) -> 0 | E65: =IF(B65=0,0,C65/B65) -> 0 | F65: =IF(C65=0,0,D65/C65) -> 0
A66: TEAM TOTAL | B66: =SUM(B54:B65) -> 17 | C66: =SUM(C54:C65) -> 12 | D66: =SUM(D54:D65) -> 0 | E66: =IF(B66=0,0,C66/B66) -> 0.70588235 | F66: =IF(C66=0,0,D66/C66) -> 0
A68: Week 5 (01/26 – 02/01)
A69: Rep | B69: Sets | C69: Shows | D69: Closed Won | E69: Show Rate | F69: Close Rate
A70: Andrew Rockstroh | B70: =SUM('Daily Input'!C29:C38) -> 22 | C70: =SUM('Daily Input'!D29:D38) -> 15 | D70: =SUM('Daily Input'!E29:E38) -> 0 | E70: =IF(B70=0,0,C70/B70) -> 0.68181818 | F70: =IF(C70=0,0,D70/C70) -> 0
A71: Bryan Fletcher | B71: =SUM('Daily Input'!F29:F38) -> 16 | C71: =SUM('Daily Input'!G29:G38) -> 7 | D71: =SUM('Daily Input'!H29:H38) -> 0 | E71: =IF(B71=0,0,C71/B71) -> 0.4375 | F71: =IF(C71=0,0,D71/C71) -> 0
A72: Coby De Lucia | B72: =SUM('Daily Input'!I29:I38) -> 1 | C72: =SUM('Daily Input'!J29:J38) -> 0 | D72: =SUM('Daily Input'!K29:K38) -> 0 | E72: =IF(B72=0,0,C72/B72) -> 0 | F72: =IF(C72=0,0,D72/C72) -> 0
A73: Dave Konkol | B73: =SUM('Daily Input'!L29:L38) -> 21 | C73: =SUM('Daily Input'!M29:M38) -> 14 | D73: =SUM('Daily Input'!N29:N38) -> 0 | E73: =IF(B73=0,0,C73/B73) -> 0.66666667 | F73: =IF(C73=0,0,D73/C73) -> 0
A74: Matt Delaune | B74: =SUM('Daily Input'!O29:O38) -> 11 | C74: =SUM('Daily Input'!P29:P38) -> 6 | D74: =SUM('Daily Input'!Q29:Q38) -> 0 | E74: =IF(B74=0,0,C74/B74) -> 0.54545455 | F74: =IF(C74=0,0,D74/C74) -> 0
A75: Ryan David | B75: =SUM('Daily Input'!R29:R38) -> 22 | C75: =SUM('Daily Input'!S29:S38) -> 13 | D75: =SUM('Daily Input'!T29:T38) -> 0 | E75: =IF(B75=0,0,C75/B75) -> 0.59090909 | F75: =IF(C75=0,0,D75/C75) -> 0
A76: Tyler Duprey | B76: =SUM('Daily Input'!U29:U38) -> 11 | C76: =SUM('Daily Input'!V29:V38) -> 7 | D76: =SUM('Daily Input'!W29:W38) -> 0 | E76: =IF(B76=0,0,C76/B76) -> 0.63636364 | F76: =IF(C76=0,0,D76/C76) -> 0
A77: Michael Wynkoop | B77: =SUM('Daily Input'!X29:X38) -> 8 | C77: =SUM('Daily Input'!Y29:Y38) -> 3 | D77: =SUM('Daily Input'!Z29:Z38) -> 0 | E77: =IF(B77=0,0,C77/B77) -> 0.375 | F77: =IF(C77=0,0,D77/C77) -> 0
A78: Sydney Darrow | B78: =SUM('Daily Input'!AA29:AA38) -> 2 | C78: =SUM('Daily Input'!AB29:AB38) -> 4 | D78: =SUM('Daily Input'!AC29:AC38) -> 0 | E78: =IF(B78=0,0,C78/B78) -> 2 | F78: =IF(C78=0,0,D78/C78) -> 0
A79: Michael Helton | B79: =SUM('Daily Input'!AD29:AD38) -> 0 | C79: =SUM('Daily Input'!AE29:AE38) -> 0 | D79: =SUM('Daily Input'!AF29:AF38) -> 0 | E79: =IF(B79=0,0,C79/B79) -> 0 | F79: =IF(C79=0,0,D79/C79) -> 0
A80: Jacob Mann | B80: =SUM('Daily Input'!AG29:AG38) -> 0 | C80: =SUM('Daily Input'!AH29:AH38) -> 0 | D80: =SUM('Daily Input'!AI29:AI38) -> 0 | E80: =IF(B80=0,0,C80/B80) -> 0 | F80: =IF(C80=0,0,D80/C80) -> 0
A81: Brandon Steed | B81: =SUM('Daily Input'!AJ29:AJ38) -> 0 | C81: =SUM('Daily Input'!AK29:AK38) -> 0 | D81: =SUM('Daily Input'!AL29:AL38) -> 0 | E81: =IF(B81=0,0,C81/B81) -> 0 | F81: =IF(C81=0,0,D81/C81) -> 0
A82: TEAM TOTAL | B82: =SUM(B70:B81) -> 114 | C82: =SUM(C70:C81) -> 69 | D82: =SUM(D70:D81) -> 0 | E82: =IF(B82=0,0,C82/B82) -> 0.60526316 | F82: =IF(C82=0,0,D82/C82) -> 0
A84: Week 6 (02/02 – 02/08)
A85: Rep | B85: Sets | C85: Shows | D85: Closed Won | E85: Show Rate | F85: Close Rate
A86: Andrew Rockstroh | B86: =SUM('Daily Input'!C39:C45) -> 0 | C86: =SUM('Daily Input'!D39:D45) -> 0 | D86: =SUM('Daily Input'!E39:E45) -> 0 | E86: =IF(B86=0,0,C86/B86) -> 0 | F86: =IF(C86=0,0,D86/C86) -> 0
A87: Bryan Fletcher | B87: =SUM('Daily Input'!F39:F45) -> 0 | C87: =SUM('Daily Input'!G39:G45) -> 0 | D87: =SUM('Daily Input'!H39:H45) -> 0 | E87: =IF(B87=0,0,C87/B87) -> 0 | F87: =IF(C87=0,0,D87/C87) -> 0
A88: Coby De Lucia | B88: =SUM('Daily Input'!I39:I45) -> 0 | C88: =SUM('Daily Input'!J39:J45) -> 0 | D88: =SUM('Daily Input'!K39:K45) -> 0 | E88: =IF(B88=0,0,C88/B88) -> 0 | F88: =IF(C88=0,0,D88/C88) -> 0
A89: Dave Konkol | B89: =SUM('Daily Input'!L39:L45) -> 0 | C89: =SUM('Daily Input'!M39:M45) -> 0 | D89: =SUM('Daily Input'!N39:N45) -> 0 | E89: =IF(B89=0,0,C89/B89) -> 0 | F89: =IF(C89=0,0,D89/C89) -> 0
A90: Matt Delaune | B90: =SUM('Daily Input'!O39:O45) -> 0 | C90: =SUM('Daily Input'!P39:P45) -> 0 | D90: =SUM('Daily Input'!Q39:Q45) -> 0 | E90: =IF(B90=0,0,C90/B90) -> 0 | F90: =IF(C90=0,0,D90/C90) -> 0
A91: Ryan David | B91: =SUM('Daily Input'!R39:R45) -> 0 | C91: =SUM('Daily Input'!S39:S45) -> 0 | D91: =SUM('Daily Input'!T39:T45) -> 0 | E91: =IF(B91=0,0,C91/B91) -> 0 | F91: =IF(C91=0,0,D91/C91) -> 0
A92: Tyler Duprey | B92: =SUM('Daily Input'!U39:U45) -> 0 | C92: =SUM('Daily Input'!V39:V45) -> 0 | D92: =SUM('Daily Input'!W39:W45) -> 0 | E92: =IF(B92=0,0,C92/B92) -> 0 | F92: =IF(C92=0,0,D92/C92) -> 0
A93: Michael Wynkoop | B93: =SUM('Daily Input'!X39:X45) -> 0 | C93: =SUM('Daily Input'!Y39:Y45) -> 0 | D93: =SUM('Daily Input'!Z39:Z45) -> 0 | E93: =IF(B93=0,0,C93/B93) -> 0 | F93: =IF(C93=0,0,D93/C93) -> 0
A94: Sydney Darrow | B94: =SUM('Daily Input'!AA39:AA45) -> 0 | C94: =SUM('Daily Input'!AB39:AB45) -> 0 | D94: =SUM('Daily Input'!AC39:AC45) -> 0 | E94: =IF(B94=0,0,C94/B94) -> 0 | F94: =IF(C94=0,0,D94/C94) -> 0
A95: Michael Helton | B95: =SUM('Daily Input'!AD39:AD45) -> 0 | C95: =SUM('Daily Input'!AE39:AE45) -> 0 | D95: =SUM('Daily Input'!AF39:AF45) -> 0 | E95: =IF(B95=0,0,C95/B95) -> 0 | F95: =IF(C95=0,0,D95/C95) -> 0
A96: Jacob Mann | B96: =SUM('Daily Input'!AG39:AG45) -> 0 | C96: =SUM('Daily Input'!AH39:AH45) -> 0 | D96: =SUM('Daily Input'!AI39:AI45) -> 0 | E96: =IF(B96=0,0,C96/B96) -> 0 | F96: =IF(C96=0,0,D96/C96) -> 0
A97: Brandon Steed | B97: =SUM('Daily Input'!AJ39:AJ45) -> 0 | C97: =SUM('Daily Input'!AK39:AK45) -> 0 | D97: =SUM('Daily Input'!AL39:AL45) -> 0 | E97: =IF(B97=0,0,C97/B97) -> 0 | F97: =IF(C97=0,0,D97/C97) -> 0
A98: TEAM TOTAL | B98: =SUM(B86:B97) -> 0 | C98: =SUM(C86:C97) -> 0 | D98: =SUM(D86:D97) -> 0 | E98: =IF(B98=0,0,C98/B98) -> 0 | F98: =IF(C98=0,0,D98/C98) -> 0
A100: Week 7 (02/09 – 02/15)
A101: Rep | B101: Sets | C101: Shows | D101: Closed Won | E101: Show Rate | F101: Close Rate
A102: Andrew Rockstroh | B102: =SUM('Daily Input'!C46:C52) -> 0 | C102: =SUM('Daily Input'!D46:D52) -> 0 | D102: =SUM('Daily Input'!E46:E52) -> 0 | E102: =IF(B102=0,0,C102/B102) -> 0 | F102: =IF(C102=0,0,D102/C102) -> 0
A103: Bryan Fletcher | B103: =SUM('Daily Input'!F46:F52) -> 0 | C103: =SUM('Daily Input'!G46:G52) -> 0 | D103: =SUM('Daily Input'!H46:H52) -> 0 | E103: =IF(B103=0,0,C103/B103) -> 0 | F103: =IF(C103=0,0,D103/C103) -> 0
A104: Coby De Lucia | B104: =SUM('Daily Input'!I46:I52) -> 0 | C104: =SUM('Daily Input'!J46:J52) -> 0 | D104: =SUM('Daily Input'!K46:K52) -> 0 | E104: =IF(B104=0,0,C104/B104) -> 0 | F104: =IF(C104=0,0,D104/C104) -> 0
A105: Dave Konkol | B105: =SUM('Daily Input'!L46:L52) -> 0 | C105: =SUM('Daily Input'!M46:M52) -> 0 | D105: =SUM('Daily Input'!N46:N52) -> 0 | E105: =IF(B105=0,0,C105/B105) -> 0 | F105: =IF(C105=0,0,D105/C105) -> 0
A106: Matt Delaune | B106: =SUM('Daily Input'!O46:O52) -> 0 | C106: =SUM('Daily Input'!P46:P52) -> 0 | D106: =SUM('Daily Input'!Q46:Q52) -> 0 | E106: =IF(B106=0,0,C106/B106) -> 0 | F106: =IF(C106=0,0,D106/C106) -> 0
A107: Ryan David | B107: =SUM('Daily Input'!R46:R52) -> 0 | C107: =SUM('Daily Input'!S46:S52) -> 0 | D107: =SUM('Daily Input'!T46:T52) -> 0 | E107: =IF(B107=0,0,C107/B107) -> 0 | F107: =IF(C107=0,0,D107/C107) -> 0
...

Sheet Monthly Summary
A1: MONTHLY SUMMARY — 2026
A3: JANUARY 2026
A4: Rep | B4: Sets | C4: Shows | D4: Closed Won | E4: Show Rate | F4: Close Rate | G4: Avg Daily Sets | H4: Best Day Sets
A5: Andrew Rockstroh | B5: ='Daily Input'!C35 -> 22 | C5: ='Daily Input'!D35 -> 13 | D5: ='Daily Input'!E35 -> 0 | E5: =IF(B5=0,0,C5/B5) -> 0.59090909 | F5: =IF(C5=0,0,D5/C5) -> 0 | G5: =IFERROR(AVERAGEIF('Daily Input'!C4:C34,">0"),0) -> 2.4444444 | H5: =MAX('Daily Input'!C4:C34) -> 4
A6: Bryan Fletcher | B6: ='Daily Input'!F35 -> 14 | C6: ='Daily Input'!G35 -> 7 | D6: ='Daily Input'!H35 -> 0 | E6: =IF(B6=0,0,C6/B6) -> 0.5 | F6: =IF(C6=0,0,D6/C6) -> 0 | G6: =IFERROR(AVERAGEIF('Daily Input'!F4:F34,">0"),0) -> 1.5555556 | H6: =MAX('Daily Input'!F4:F34) -> 4
A7: Coby De Lucia | B7: ='Daily Input'!I35 -> 1 | C7: ='Daily Input'!J35 -> 0 | D7: ='Daily Input'!K35 -> 0 | E7: =IF(B7=0,0,C7/B7) -> 0 | F7: =IF(C7=0,0,D7/C7) -> 0 | G7: =IFERROR(AVERAGEIF('Daily Input'!I4:I34,">0"),0) -> 1 | H7: =MAX('Daily Input'!I4:I34) -> 1
A8: Dave Konkol | B8: ='Daily Input'!L35 -> 17 | C8: ='Daily Input'!M35 -> 10 | D8: ='Daily Input'!N35 -> 0 | E8: =IF(B8=0,0,C8/B8) -> 0.58823529 | F8: =IF(C8=0,0,D8/C8) -> 0 | G8: =IFERROR(AVERAGEIF('Daily Input'!L4:L34,">0"),0) -> 1.7 | H8: =MAX('Daily Input'!L4:L34) -> 2
A9: Matt Delaune | B9: ='Daily Input'!O35 -> 10 | C9: ='Daily Input'!P35 -> 5 | D9: ='Daily Input'!Q35 -> 0 | E9: =IF(B9=0,0,C9/B9) -> 0.5 | F9: =IF(C9=0,0,D9/C9) -> 0 | G9: =IFERROR(AVERAGEIF('Daily Input'!O4:O34,">0"),0) -> 1.25 | H9: =MAX('Daily Input'!O4:O34) -> 3
A10: Ryan David | B10: ='Daily Input'!R35 -> 19 | C10: ='Daily Input'!S35 -> 11 | D10: ='Daily Input'!T35 -> 0 | E10: =IF(B10=0,0,C10/B10) -> 0.57894737 | F10: =IF(C10=0,0,D10/C10) -> 0 | G10: =IFERROR(AVERAGEIF('Daily Input'!R4:R34,">0"),0) -> 1.2666667 | H10: =MAX('Daily Input'!R4:R34) -> 3
A11: Tyler Duprey | B11: ='Daily Input'!U35 -> 9 | C11: ='Daily Input'!V35 -> 6 | D11: ='Daily Input'!W35 -> 0 | E11: =IF(B11=0,0,C11/B11) -> 0.66666667 | F11: =IF(C11=0,0,D11/C11) -> 0 | G11: =IFERROR(AVERAGEIF('Daily Input'!U4:U34,">0"),0) -> 1.2857143 | H11: =MAX('Daily Input'!U4:U34) -> 2
A12: Michael Wynkoop | B12: ='Daily Input'!X35 -> 5 | C12: ='Daily Input'!Y35 -> 2 | D12: ='Daily Input'!Z35 -> 0 | E12: =IF(B12=0,0,C12/B12) -> 0.4 | F12: =IF(C12=0,0,D12/C12) -> 0 | G12: =IFERROR(AVERAGEIF('Daily Input'!X4:X34,">0"),0) -> 1.6666667 | H12: =MAX('Daily Input'!X4:X34) -> 2
A13: Sydney Darrow | B13: ='Daily Input'!AA35 -> 2 | C13: ='Daily Input'!AB35 -> 2 | D13: ='Daily Input'!AC35 -> 0 | E13: =IF(B13=0,0,C13/B13) -> 1 | F13: =IF(C13=0,0,D13/C13) -> 0 | G13: =IFERROR(AVERAGEIF('Daily Input'!AA4:AA34,">0"),0) -> 1 | H13: =MAX('Daily Input'!AA4:AA34) -> 1
A14: Michael Helton | B14: ='Daily Input'!AD35 -> 0 | C14: ='Daily Input'!AE35 -> 0 | D14: ='Daily Input'!AF35 -> 0 | E14: =IF(B14=0,0,C14/B14) -> 0 | F14: =IF(C14=0,0,D14/C14) -> 0 | G14: =IFERROR(AVERAGEIF('Daily Input'!AD4:AD34,">0"),0) -> 0 | H14: =MAX('Daily Input'!AD4:AD34) -> 0
A15: Jacob Mann | B15: ='Daily Input'!AG35 -> 0 | C15: ='Daily Input'!AH35 -> 0 | D15: ='Daily Input'!AI35 -> 0 | E15: =IF(B15=0,0,C15/B15) -> 0 | F15: =IF(C15=0,0,D15/C15) -> 0 | G15: =IFERROR(AVERAGEIF('Daily Input'!AG4:AG34,">0"),0) -> 0 | H15: =MAX('Daily Input'!AG4:AG34) -> 0
A16: Brandon Steed | B16: ='Daily Input'!AJ35 -> 0 | C16: ='Daily Input'!AK35 -> 0 | D16: ='Daily Input'!AL35 -> 0 | E16: =IF(B16=0,0,C16/B16) -> 0 | F16: =IF(C16=0,0,D16/C16) -> 0 | G16: =IFERROR(AVERAGEIF('Daily Input'!AJ4:AJ34,">0"),0) -> 0 | H16: =MAX('Daily Input'!AJ4:AJ34) -> 0
A17: TEAM TOTAL | B17: =SUM(B5:B16) -> 99 | C17: =SUM(C5:C16) -> 56 | D17: =SUM(D5:D16) -> 0 | E17: =IF(B17=0,0,C17/B17) -> 0.56565657 | F17: =IF(C17=0,0,D17/C17) -> 0 | G17: =IFERROR(AVERAGE(G5:G16),0) -> 1.0974206 | H17: =MAX(H5:H16) -> 4
A19: FEBRUARY 2026
A20: Rep | B20: Sets | C20: Shows | D20: Closed Won | E20: Show Rate | F20: Close Rate | G20: Avg Daily Sets | H20: Best Day Sets
A21: Andrew Rockstroh | B21: ='Daily Input'!C66 -> 0 | C21: ='Daily Input'!D66 -> 0 | D21: ='Daily Input'!E66 -> 0 | E21: =IF(B21=0,0,C21/B21) -> 0 | F21: =IF(C21=0,0,D21/C21) -> 0 | G21: =IFERROR(AVERAGEIF('Daily Input'!C38:C65,">0"),0) -> 0 | H21: =MAX('Daily Input'!C38:C65) -> 0
A22: Bryan Fletcher | B22: ='Daily Input'!F66 -> 0 | C22: ='Daily Input'!G66 -> 0 | D22: ='Daily Input'!H66 -> 0 | E22: =IF(B22=0,0,C22/B22) -> 0 | F22: =IF(C22=0,0,D22/C22) -> 0 | G22: =IFERROR(AVERAGEIF('Daily Input'!F38:F65,">0"),0) -> 0 | H22: =MAX('Daily Input'!F38:F65) -> 0
A23: Coby De Lucia | B23: ='Daily Input'!I66 -> 0 | C23: ='Daily Input'!J66 -> 0 | D23: ='Daily Input'!K66 -> 0 | E23: =IF(B23=0,0,C23/B23) -> 0 | F23: =IF(C23=0,0,D23/C23) -> 0 | G23: =IFERROR(AVERAGEIF('Daily Input'!I38:I65,">0"),0) -> 0 | H23: =MAX('Daily Input'!I38:I65) -> 0
A24: Dave Konkol | B24: ='Daily Input'!L66 -> 0 | C24: ='Daily Input'!M66 -> 0 | D24: ='Daily Input'!N66 -> 0 | E24: =IF(B24=0,0,C24/B24) -> 0 | F24: =IF(C24=0,0,D24/C24) -> 0 | G24: =IFERROR(AVERAGEIF('Daily Input'!L38:L65,">0"),0) -> 0 | H24: =MAX('Daily Input'!L38:L65) -> 0
A25: Matt Delaune | B25: ='Daily Input'!O66 -> 0 | C25: ='Daily Input'!P66 -> 0 | D25: ='Daily Input'!Q66 -> 0 | E25: =IF(B25=0,0,C25/B25) -> 0 | F25: =IF(C25=0,0,D25/C25) -> 0 | G25: =IFERROR(AVERAGEIF('Daily Input'!O38:O65,">0"),0) -> 0 | H25: =MAX('Daily Input'!O38:O65) -> 0
A26: Ryan David | B26: ='Daily Input'!R66 -> 0 | C26: ='Daily Input'!S66 -> 0 | D26: ='Daily Input'!T66 -> 0 | E26: =IF(B26=0,0,C26/B26) -> 0 | F26: =IF(C26=0,0,D26/C26) -> 0 | G26: =IFERROR(AVERAGEIF('Daily Input'!R38:R65,">0"),0) -> 0 | H26: =MAX('Daily Input'!R38:R65) -> 0
A27: Tyler Duprey | B27: ='Daily Input'!U66 -> 0 | C27: ='Daily Input'!V66 -> 0 | D27: ='Daily Input'!W66 -> 0 | E27: =IF(B27=0,0,C27/B27) -> 0 | F27: =IF(C27=0,0,D27/C27) -> 0 | G27: =IFERROR(AVERAGEIF('Daily Input'!U38:U65,">0"),0) -> 0 | H27: =MAX('Daily Input'!U38:U65) -> 0
A28: Michael Wynkoop | B28: ='Daily Input'!X66 -> 0 | C28: ='Daily Input'!Y66 -> 0 | D28: ='Daily Input'!Z66 -> 0 | E28: =IF(B28=0,0,C28/B28) -> 0 | F28: =IF(C28=0,0,D28/C28) -> 0 | G28: =IFERROR(AVERAGEIF('Daily Input'!X38:X65,">0"),0) -> 0 | H28: =MAX('Daily Input'!X38:X65) -> 0
A29: Sydney Darrow | B29: ='Daily Input'!AA66 -> 0 | C29: ='Daily Input'!AB66 -> 0 | D29: ='Daily Input'!AC66 -> 0 | E29: =IF(B29=0,0,C29/B29) -> 0 | F29: =IF(C29=0,0,D29/C29) -> 0 | G29: =IFERROR(AVERAGEIF('Daily Input'!AA38:AA65,">0"),0) -> 0 | H29: =MAX('Daily Input'!AA38:AA65) -> 0
A30: Michael Helton | B30: ='Daily Input'!AD66 -> 0 | C30: ='Daily Input'!AE66 -> 0 | D30: ='Daily Input'!AF66 -> 0 | E30: =IF(B30=0,0,C30/B30) -> 0 | F30: =IF(C30=0,0,D30/C30) -> 0 | G30: =IFERROR(AVERAGEIF('Daily Input'!AD38:AD65,">0"),0) -> 0 | H30: =MAX('Daily Input'!AD38:AD65) -> 0
A31: Jacob Mann | B31: ='Daily Input'!AG66 -> 0 | C31: ='Daily Input'!AH66 -> 0 | D31: ='Daily Input'!AI66 -> 0 | E31: =IF(B31=0,0,C31/B31) -> 0 | F31: =IF(C31=0,0,D31/C31) -> 0 | G31: =IFERROR(AVERAGEIF('Daily Input'!AG38:AG65,">0"),0) -> 0 | H31: =MAX('Daily Input'!AG38:AG65) -> 0
A32: Brandon Steed | B32: ='Daily Input'!AJ66 -> 0 | C32: ='Daily Input'!AK66 -> 0 | D32: ='Daily Input'!AL66 -> 0 | E32: =IF(B32=0,0,C32/B32) -> 0 | F32: =IF(C32=0,0,D32/C32) -> 0 | G32: =IFERROR(AVERAGEIF('Daily Input'!AJ38:AJ65,">0"),0) -> 0 | H32: =MAX('Daily Input'!AJ38:AJ65) -> 0
A33: TEAM TOTAL | B33: =SUM(B21:B32) -> 0 | C33: =SUM(C21:C32) -> 0 | D33: =SUM(D21:D32) -> 0 | E33: =IF(B33=0,0,C33/B33) -> 0 | F33: =IF(C33=0,0,D33/C33) -> 0 | G33: =IFERROR(AVERAGE(G21:G32),0) -> 0 | H33: =MAX(H21:H32) -> 0
A35: MARCH 2026
A36: Rep | B36: Sets | C36: Shows | D36: Closed Won | E36: Show Rate | F36: Close Rate | G36: Avg Daily Sets | H36: Best Day Sets
A37: Andrew Rockstroh | B37: ='Daily Input'!C100 -> 0 | C37: ='Daily Input'!D100 -> 0 | D37: ='Daily Input'!E100 -> 0 | E37: =IF(B37=0,0,C37/B37) -> 0 | F37: =IF(C37=0,0,D37/C37) -> 0 | G37: =IFERROR(AVERAGEIF('Daily Input'!C69:C99,">0"),0) -> 0 | H37: =MAX('Daily Input'!C69:C99) -> 0
A38: Bryan Fletcher | B38: ='Daily Input'!F100 -> 0 | C38: ='Daily Input'!G100 -> 0 | D38: ='Daily Input'!H100 -> 0 | E38: =IF(B38=0,0,C38/B38) -> 0 | F38: =IF(C38=0,0,D38/C38) -> 0 | G38: =IFERROR(AVERAGEIF('Daily Input'!F69:F99,">0"),0) -> 0 | H38: =MAX('Daily Input'!F69:F99) -> 0
A39: Coby De Lucia | B39: ='Daily Input'!I100 -> 0 | C39: ='Daily Input'!J100 -> 0 | D39: ='Daily Input'!K100 -> 0 | E39: =IF(B39=0,0,C39/B39) -> 0 | F39: =IF(C39=0,0,D39/C39) -> 0 | G39: =IFERROR(AVERAGEIF('Daily Input'!I69:I99,">0"),0) -> 0 | H39: =MAX('Daily Input'!I69:I99) -> 0
A40: Dave Konkol | B40: ='Daily Input'!L100 -> 0 | C40: ='Daily Input'!M100 -> 0 | D40: ='Daily Input'!N100 -> 0 | E40: =IF(B40=0,0,C40/B40) -> 0 | F40: =IF(C40=0,0,D40/C40) -> 0 | G40: =IFERROR(AVERAGEIF('Daily Input'!L69:L99,">0"),0) -> 0 | H40: =MAX('Daily Input'!L69:L99) -> 0
A41: Matt Delaune | B41: ='Daily Input'!O100 -> 0 | C41: ='Daily Input'!P100 -> 0 | D41: ='Daily Input'!Q100 -> 0 | E41: =IF(B41=0,0,C41/B41) -> 0 | F41: =IF(C41=0,0,D41/C41) -> 0 | G41: =IFERROR(AVERAGEIF('Daily Input'!O69:O99,">0"),0) -> 0 | H41: =MAX('Daily Input'!O69:O99) -> 0
A42: Ryan David | B42: ='Daily Input'!R100 -> 0 | C42: ='Daily Input'!S100 -> 0 | D42: ='Daily Input'!T100 -> 0 | E42: =IF(B42=0,0,C42/B42) -> 0 | F42: =IF(C42=0,0,D42/C42) -> 0 | G42: =IFERROR(AVERAGEIF('Daily Input'!R69:R99,">0"),0) -> 0 | H42: =MAX('Daily Input'!R69:R99) -> 0
A43: Tyler Duprey | B43: ='Daily Input'!U100 -> 0 | C43: ='Daily Input'!V100 -> 0 | D43: ='Daily Input'!W100 -> 0 | E43: =IF(B43=0,0,C43/B43) -> 0 | F43: =IF(C43=0,0,D43/C43) -> 0 | G43: =IFERROR(AVERAGEIF('Daily Input'!U69:U99,">0"),0) -> 0 | H43: =MAX('Daily Input'!U69:U99) -> 0
A44: Michael Wynkoop | B44: ='Daily Input'!X100 -> 0 | C44: ='Daily Input'!Y100 -> 0 | D44: ='Daily Input'!Z100 -> 0 | E44: =IF(B44=0,0,C44/B44) -> 0 | F44: =IF(C44=0,0,D44/C44) -> 0 | G44: =IFERROR(AVERAGEIF('Daily Input'!X69:X99,">0"),0) -> 0 | H44: =MAX('Daily Input'!X69:X99) -> 0
A45: Sydney Darrow | B45: ='Daily Input'!AA100 -> 0 | C45: ='Daily Input'!AB100 -> 0 | D45: ='Daily Input'!AC100 -> 0 | E45: =IF(B45=0,0,C45/B45) -> 0 | F45: =IF(C45=0,0,D45/C45) -> 0 | G45: =IFERROR(AVERAGEIF('Daily Input'!AA69:AA99,">0"),0) -> 0 | H45: =MAX('Daily Input'!AA69:AA99) -> 0
A46: Michael Helton | B46: ='Daily Input'!AD100 -> 0 | C46: ='Daily Input'!AE100 -> 0 | D46: ='Daily Input'!AF100 -> 0 | E46: =IF(B46=0,0,C46/B46) -> 0 | F46: =IF(C46=0,0,D46/C46) -> 0 | G46: =IFERROR(AVERAGEIF('Daily Input'!AD69:AD99,">0"),0) -> 0 | H46: =MAX('Daily Input'!AD69:AD99) -> 0
A47: Jacob Mann | B47: ='Daily Input'!AG100 -> 0 | C47: ='Daily Input'!AH100 -> 0 | D47: ='Daily Input'!AI100 -> 0 | E47: =IF(B47=0,0,C47/B47) -> 0 | F47: =IF(C47=0,0,D47/C47) -> 0 | G47: =IFERROR(AVERAGEIF('Daily Input'!AG69:AG99,">0"),0) -> 0 | H47: =MAX('Daily Input'!AG69:AG99) -> 0
A48: Brandon Steed | B48: ='Daily Input'!AJ100 -> 0 | C48: ='Daily Input'!AK100 -> 0 | D48: ='Daily Input'!AL100 -> 0 | E48: =IF(B48=0,0,C48/B48) -> 0 | F48: =IF(C48=0,0,D48/C48) -> 0 | G48: =IFERROR(AVERAGEIF('Daily Input'!AJ69:AJ99,">0"),0) -> 0 | H48: =MAX('Daily Input'!AJ69:AJ99) -> 0
A49: TEAM TOTAL | B49: =SUM(B37:B48) -> 0 | C49: =SUM(C37:C48) -> 0 | D49: =SUM(D37:D48) -> 0 | E49: =IF(B49=0,0,C49/B49) -> 0 | F49: =IF(C49=0,0,D49/C49) -> 0 | G49: =IFERROR(AVERAGE(G37:G48),0) -> 0 | H49: =MAX(H37:H48) -> 0
A51: APRIL 2026
A52: Rep | B52: Sets | C52: Shows | D52: Closed Won | E52: Show Rate | F52: Close Rate | G52: Avg Daily Sets | H52: Best Day Sets
A53: Andrew Rockstroh | B53: ='Daily Input'!C133 -> 0 | C53: ='Daily Input'!D133 -> 0 | D53: ='Daily Input'!E133 -> 0 | E53: =IF(B53=0,0,C53/B53) -> 0 | F53: =IF(C53=0,0,D53/C53) -> 0 | G53: =IFERROR(AVERAGEIF('Daily Input'!C103:C132,">0"),0) -> 0 | H53: =MAX('Daily Input'!C103:C132) -> 0
A54: Bryan Fletcher | B54: ='Daily Input'!F133 -> 0 | C54: ='Daily Input'!G133 -> 0 | D54: ='Daily Input'!H133 -> 0 | E54: =IF(B54=0,0,C54/B54) -> 0 | F54: =IF(C54=0,0,D54/C54) -> 0 | G54: =IFERROR(AVERAGEIF('Daily Input'!F103:F132,">0"),0) -> 0 | H54: =MAX('Daily Input'!F103:F132) -> 0
A55: Coby De Lucia | B55: ='Daily Input'!I133 -> 0 | C55: ='Daily Input'!J133 -> 0 | D55: ='Daily Input'!K133 -> 0 | E55: =IF(B55=0,0,C55/B55) -> 0 | F55: =IF(C55=0,0,D55/C55) -> 0 | G55: =IFERROR(AVERAGEIF('Daily Input'!I103:I132,">0"),0) -> 0 | H55: =MAX('Daily Input'!I103:I132) -> 0
A56: Dave Konkol | B56: ='Daily Input'!L133 -> 0 | C56: ='Daily Input'!M133 -> 0 | D56: ='Daily Input'!N133 -> 0 | E56: =IF(B56=0,0,C56/B56) -> 0 | F56: =IF(C56=0,0,D56/C56) -> 0 | G56: =IFERROR(AVERAGEIF('Daily Input'!L103:L132,">0"),0) -> 0 | H56: =MAX('Daily Input'!L103:L132) -> 0
A57: Matt Delaune | B57: ='Daily Input'!O133 -> 0 | C57: ='Daily Input'!P133 -> 0 | D57: ='Daily Input'!Q133 -> 0 | E57: =IF(B57=0,0,C57/B57) -> 0 | F57: =IF(C57=0,0,D57/C57) -> 0 | G57: =IFERROR(AVERAGEIF('Daily Input'!O103:O132,">0"),0) -> 0 | H57: =MAX('Daily Input'!O103:O132) -> 0
A58: Ryan David | B58: ='Daily Input'!R133 -> 0 | C58: ='Daily Input'!S133 -> 0 | D58: ='Daily Input'!T133 -> 0 | E58: =IF(B58=0,0,C58/B58) -> 0 | F58: =IF(C58=0,0,D58/C58) -> 0 | G58: =IFERROR(AVERAGEIF('Daily Input'!R103:R132,">0"),0) -> 0 | H58: =MAX('Daily Input'!R103:R132) -> 0
A59: Tyler Duprey | B59: ='Daily Input'!U133 -> 0 | C59: ='Daily Input'!V133 -> 0 | D59: ='Daily Input'!W133 -> 0 | E59: =IF(B59=0,0,C59/B59) -> 0 | F59: =IF(C59=0,0,D59/C59) -> 0 | G59: =IFERROR(AVERAGEIF('Daily Input'!U103:U132,">0"),0) -> 0 | H59: =MAX('Daily Input'!U103:U132) -> 0
A60: Michael Wynkoop | B60: ='Daily Input'!X133 -> 0 | C60: ='Daily Input'!Y133 -> 0 | D60: ='Daily Input'!Z133 -> 0 | E60: =IF(B60=0,0,C60/B60) -> 0 | F60: =IF(C60=0,0,D60/C60) -> 0 | G60: =IFERROR(AVERAGEIF('Daily Input'!X103:X132,">0"),0) -> 0 | H60: =MAX('Daily Input'!X103:X132) -> 0
A61: Sydney Darrow | B61: ='Daily Input'!AA133 -> 0 | C61: ='Daily Input'!AB133 -> 0 | D61: ='Daily Input'!AC133 -> 0 | E61: =IF(B61=0,0,C61/B61) -> 0 | F61: =IF(C61=0,0,D61/C61) -> 0 | G61: =IFERROR(AVERAGEIF('Daily Input'!AA103:AA132,">0"),0) -> 0 | H61: =MAX('Daily Input'!AA103:AA132) -> 0
A62: Michael Helton | B62: ='Daily Input'!AD133 -> 0 | C62: ='Daily Input'!AE133 -> 0 | D62: ='Daily Input'!AF133 -> 0 | E62: =IF(B62=0,0,C62/B62) -> 0 | F62: =IF(C62=0,0,D62/C62) -> 0 | G62: =IFERROR(AVERAGEIF('Daily Input'!AD103:AD132,">0"),0) -> 0 | H62: =MAX('Daily Input'!AD103:AD132) -> 0
A63: Jacob Mann | B63: ='Daily Input'!AG133 -> 0 | C63: ='Daily Input'!AH133 -> 0 | D63: ='Daily Input'!AI133 -> 0 | E63: =IF(B63=0,0,C63/B63) -> 0 | F63: =IF(C63=0,0,D63/C63) -> 0 | G63: =IFERROR(AVERAGEIF('Daily Input'!AG103:AG132,">0"),0) -> 0 | H63: =MAX('Daily Input'!AG103:AG132) -> 0
A64: Brandon Steed | B64: ='Daily Input'!AJ133 -> 0 | C64: ='Daily Input'!AK133 -> 0 | D64: ='Daily Input'!AL133 -> 0 | E64: =IF(B64=0,0,C64/B64) -> 0 | F64: =IF(C64=0,0,D64/C64) -> 0 | G64: =IFERROR(AVERAGEIF('Daily Input'!AJ103:AJ132,">0"),0) -> 0 | H64: =MAX('Daily Input'!AJ103:AJ132) -> 0
A65: TEAM TOTAL | B65: =SUM(B53:B64) -> 0 | C65: =SUM(C53:C64) -> 0 | D65: =SUM(D53:D64) -> 0 | E65: =IF(B65=0,0,C65/B65) -> 0 | F65: =IF(C65=0,0,D65/C65) -> 0 | G65: =IFERROR(AVERAGE(G53:G64),0) -> 0 | H65: =MAX(H53:H64) -> 0
A67: MAY 2026
A68: Rep | B68: Sets | C68: Shows | D68: Closed Won | E68: Show Rate | F68: Close Rate | G68: Avg Daily Sets | H68: Best Day Sets
A69: Andrew Rockstroh | B69: ='Daily Input'!C167 -> 0 | C69: ='Daily Input'!D167 -> 0 | D69: ='Daily Input'!E167 -> 0 | E69: =IF(B69=0,0,C69/B69) -> 0 | F69: =IF(C69=0,0,D69/C69) -> 0 | G69: =IFERROR(AVERAGEIF('Daily Input'!C136:C166,">0"),0) -> 0 | H69: =MAX('Daily Input'!C136:C166) -> 0
A70: Bryan Fletcher | B70: ='Daily Input'!F167 -> 0 | C70: ='Daily Input'!G167 -> 0 | D70: ='Daily Input'!H167 -> 0 | E70: =IF(B70=0,0,C70/B70) -> 0 | F70: =IF(C70=0,0,D70/C70) -> 0 | G70: =IFERROR(AVERAGEIF('Daily Input'!F136:F166,">0"),0) -> 0 | H70: =MAX('Daily Input'!F136:F166) -> 0
A71: Coby De Lucia | B71: ='Daily Input'!I167 -> 0 | C71: ='Daily Input'!J167 -> 0 | D71: ='Daily Input'!K167 -> 0 | E71: =IF(B71=0,0,C71/B71) -> 0 | F71: =IF(C71=0,0,D71/C71) -> 0 | G71: =IFERROR(AVERAGEIF('Daily Input'!I136:I166,">0"),0) -> 0 | H71: =MAX('Daily Input'!I136:I166) -> 0
A72: Dave Konkol | B72: ='Daily Input'!L167 -> 0 | C72: ='Daily Input'!M167 -> 0 | D72: ='Daily Input'!N167 -> 0 | E72: =IF(B72=0,0,C72/B72) -> 0 | F72: =IF(C72=0,0,D72/C72) -> 0 | G72: =IFERROR(AVERAGEIF('Daily Input'!L136:L166,">0"),0) -> 0 | H72: =MAX('Daily Input'!L136:L166) -> 0
A73: Matt Delaune | B73: ='Daily Input'!O167 -> 0 | C73: ='Daily Input'!P167 -> 0 | D73: ='Daily Input'!Q167 -> 0 | E73: =IF(B73=0,0,C73/B73) -> 0 | F73: =IF(C73=0,0,D73/C73) -> 0 | G73: =IFERROR(AVERAGEIF('Daily Input'!O136:O166,">0"),0) -> 0 | H73: =MAX('Daily Input'!O136:O166) -> 0
A74: Ryan David | B74: ='Daily Input'!R167 -> 0 | C74: ='Daily Input'!S167 -> 0 | D74: ='Daily Input'!T167 -> 0 | E74: =IF(B74=0,0,C74/B74) -> 0 | F74: =IF(C74=0,0,D74/C74) -> 0 | G74: =IFERROR(AVERAGEIF('Daily Input'!R136:R166,">0"),0) -> 0 | H74: =MAX('Daily Input'!R136:R166) -> 0
A75: Tyler Duprey | B75: ='Daily Input'!U167 -> 0 | C75: ='Daily Input'!V167 -> 0 | D75: ='Daily Input'!W167 -> 0 | E75: =IF(B75=0,0,C75/B75) -> 0 | F75: =IF(C75=0,0,D75/C75) -> 0 | G75: =IFERROR(AVERAGEIF('Daily Input'!U136:U166,">0"),0) -> 0 | H75: =MAX('Daily Input'!U136:U166) -> 0
A76: Michael Wynkoop | B76: ='Daily Input'!X167 -> 0 | C76: ='Daily Input'!Y167 -> 0 | D76: ='Daily Input'!Z167 -> 0 | E76: =IF(B76=0,0,C76/B76) -> 0 | F76: =IF(C76=0,0,D76/C76) -> 0 | G76: =IFERROR(AVERAGEIF('Daily Input'!X136:X166,">0"),0) -> 0 | H76: =MAX('Daily Input'!X136:X166) -> 0
A77: Sydney Darrow | B77: ='Daily Input'!AA167 -> 0 | C77: ='Daily Input'!AB167 -> 0 | D77: ='Daily Input'!AC167 -> 0 | E77: =IF(B77=0,0,C77/B77) -> 0 | F77: =IF(C77=0,0,D77/C77) -> 0 | G77: =IFERROR(AVERAGEIF('Daily Input'!AA136:AA166,">0"),0) -> 0 | H77: =MAX('Daily Input'!AA136:AA166) -> 0
A78: Michael Helton | B78: ='Daily Input'!AD167 -> 0 | C78: ='Daily Input'!AE167 -> 0 | D78: ='Daily Input'!AF167 -> 0 | E78: =IF(B78=0,0,C78/B78) -> 0 | F78: =IF(C78=0,0,D78/C78) -> 0 | G78: =IFERROR(AVERAGEIF('Daily Input'!AD136:AD166,">0"),0) -> 0 | H78: =MAX('Daily Input'!AD136:AD166) -> 0
A79: Jacob Mann | B79: ='Daily Input'!AG167 -> 0 | C79: ='Daily Input'!AH167 -> 0 | D79: ='Daily Input'!AI167 -> 0 | E79: =IF(B79=0,0,C79/B79) -> 0 | F79: =IF(C79=0,0,D79/C79) -> 0 | G79: =IFERROR(AVERAGEIF('Daily Input'!AG136:AG166,">0"),0) -> 0 | H79: =MAX('Daily Input'!AG136:AG166) -> 0
A80: Brandon Steed | B80: ='Daily Input'!AJ167 -> 0 | C80: ='Daily Input'!AK167 -> 0 | D80: ='Daily Input'!AL167 -> 0 | E80: =IF(B80=0,0,C80/B80) -> 0 | F80: =IF(C80=0,0,D80/C80) -> 0 | G80: =IFERROR(AVERAGEIF('Daily Input'!AJ136:AJ166,">0"),0) -> 0 | H80: =MAX('Daily Input'!AJ136:AJ166) -> 0
A81: TEAM TOTAL | B81: =SUM(B69:B80) -> 0 | C81: =SUM(C69:C80) -> 0 | D81: =SUM(D69:D80) -> 0 | E81: =IF(B81=0,0,C81/B81) -> 0 | F81: =IF(C81=0,0,D81/C81) -> 0 | G81: =IFERROR(AVERAGE(G69:G80),0) -> 0 | H81: =MAX(H69:H80) -> 0
A83: JUNE 2026
A84: Rep | B84: Sets | C84: Shows | D84: Closed Won | E84: Show Rate | F84: Close Rate | G84: Avg Daily Sets | H84: Best Day Sets
A85: Andrew Rockstroh | B85: ='Daily Input'!C200 -> 0 | C85: ='Daily Input'!D200 -> 0 | D85: ='Daily Input'!E200 -> 0 | E85: =IF(B85=0,0,C85/B85) -> 0 | F85: =IF(C85=0,0,D85/C85) -> 0 | G85: =IFERROR(AVERAGEIF('Daily Input'!C170:C199,">0"),0) -> 0 | H85: =MAX('Daily Input'!C170:C199) -> 0
A86: Bryan Fletcher | B86: ='Daily Input'!F200 -> 0 | C86: ='Daily Input'!G200 -> 0 | D86: ='Daily Input'!H200 -> 0 | E86: =IF(B86=0,0,C86/B86) -> 0 | F86: =IF(C86=0,0,D86/C86) -> 0 | G86: =IFERROR(AVERAGEIF('Daily Input'!F170:F199,">0"),0) -> 0 | H86: =MAX('Daily Input'!F170:F199) -> 0
A87: Coby De Lucia | B87: ='Daily Input'!I200 -> 0 | C87: ='Daily Input'!J200 -> 0 | D87: ='Daily Input'!K200 -> 0 | E87: =IF(B87=0,0,C87/B87) -> 0 | F87: =IF(C87=0,0,D87/C87) -> 0 | G87: =IFERROR(AVERAGEIF('Daily Input'!I170:I199,">0"),0) -> 0 | H87: =MAX('Daily Input'!I170:I199) -> 0
A88: Dave Konkol | B88: ='Daily Input'!L200 -> 0 | C88: ='Daily Input'!M200 -> 0 | D88: ='Daily Input'!N200 -> 0 | E88: =IF(B88=0,0,C88/B88) -> 0 | F88: =IF(C88=0,0,D88/C88) -> 0 | G88: =IFERROR(AVERAGEIF('Daily Input'!L170:L199,">0"),0) -> 0 | H88: =MAX('Daily Input'!L170:L199) -> 0
A89: Matt Delaune | B89: ='Daily Input'!O200 -> 0 | C89: ='Daily Input'!P200 -> 0 | D89: ='Daily Input'!Q200 -> 0 | E89: =IF(B89=0,0,C89/B89) -> 0 | F89: =IF(C89=0,0,D89/C89) -> 0 | G89: =IFERROR(AVERAGEIF('Daily Input'!O170:O199,">0"),0) -> 0 | H89: =MAX('Daily Input'!O170:O199) -> 0
A90: Ryan David | B90: ='Daily Input'!R200 -> 0 | C90: ='Daily Input'!S200 -> 0 | D90: ='Daily Input'!T200 -> 0 | E90: =IF(B90=0,0,C90/B90) -> 0 | F90: =IF(C90=0,0,D90/C90) -> 0 | G90: =IFERROR(AVERAGEIF('Daily Input'!R170:R199,">0"),0) -> 0 | H90: =MAX('Daily Input'!R170:R199) -> 0
A91: Tyler Duprey | B91: ='Daily Input'!U200 -> 0 | C91: ='Daily Input'!V200 -> 0 | D91: ='Daily Input'!W200 -> 0 | E91: =IF(B91=0,0,C91/B91) -> 0 | F91: =IF(C91=0,0,D91/C91) -> 0 | G91: =IFERROR(AVERAGEIF('Daily Input'!U170:U199,">0"),0) -> 0 | H91: =MAX('Daily Input'!U170:U199) -> 0
A92: Michael Wynkoop | B92: ='Daily Input'!X200 -> 0 | C92: ='Daily Input'!Y200 -> 0 | D92: ='Daily Input'!Z200 -> 0 | E92: =IF(B92=0,0,C92/B92) -> 0 | F92: =IF(C92=0,0,D92/C92) -> 0 | G92: =IFERROR(AVERAGEIF('Daily Input'!X170:X199,">0"),0) -> 0 | H92: =MAX('Daily Input'!X170:X199) -> 0
A93: Sydney Darrow | B93: ='Daily Input'!AA200 -> 0 | C93: ='Daily Input'!AB200 -> 0 | D93: ='Daily Input'!AC200 -> 0 | E93: =IF(B93=0,0,C93/B93) -> 0 | F93: =IF(C93=0,0,D93/C93) -> 0 | G93: =IFERROR(AVERAGEIF('Daily Input'!AA170:AA199,">0"),0) -> 0 | H93: =MAX('Daily Input'!AA170:AA199) -> 0
A94: Michael Helton | B94: ='Daily Input'!AD200 -> 0 | C94: ='Daily Input'!AE200 -> 0 | D94: ='Daily Input'!AF200 -> 0 | E94: =IF(B94=0,0,C94/B94) -> 0 | F94: =IF(C94=0,0,D94/C94) -> 0 | G94: =IFERROR(AVERAGEIF('Daily Input'!AD170:AD199,">0"),0) -> 0 | H94: =MAX('Daily Input'!AD170:AD199) -> 0
A95: Jacob Mann | B95: ='Daily Input'!AG200 -> 0 | C95: ='Daily Input'!AH200 -> 0 | D95: ='Daily Input'!AI200 -> 0 | E95: =IF(B95=0,0,C95/B95) -> 0 | F95: =IF(C95=0,0,D95/C95) -> 0 | G95: =IFERROR(AVERAGEIF('Daily Input'!AG170:AG199,">0"),0) -> 0 | H95: =MAX('Daily Input'!AG170:AG199) -> 0
A96: Brandon Steed | B96: ='Daily Input'!AJ200 -> 0 | C96: ='Daily Input'!AK200 -> 0 | D96: ='Daily Input'!AL200 -> 0 | E96: =IF(B96=0,0,C96/B96) -> 0 | F96: =IF(C96=0,0,D96/C96) -> 0 | G96: =IFERROR(AVERAGEIF('Daily Input'!AJ170:AJ199,">0"),0) -> 0 | H96: =MAX('Daily Input'!AJ170:AJ199) -> 0
A97: TEAM TOTAL | B97: =SUM(B85:B96) -> 0 | C97: =SUM(C85:C96) -> 0 | D97: =SUM(D85:D96) -> 0 | E97: =IF(B97=0,0,C97/B97) -> 0 | F97: =IF(C97=0,0,D97/C97) -> 0 | G97: =IFERROR(AVERAGE(G85:G96),0) -> 0 | H97: =MAX(H85:H96) -> 0
A99: JULY 2026
A100: Rep | B100: Sets | C100: Shows | D100: Closed Won | E100: Show Rate | F100: Close Rate | G100: Avg Daily Sets | H100: Best Day Sets
A101: Andrew Rockstroh | B101: ='Daily Input'!C234 -> 0 | C101: ='Daily Input'!D234 -> 0 | D101: ='Daily Input'!E234 -> 0 | E101: =IF(B101=0,0,C101/B101) -> 0 | F101: =IF(C101=0,0,D101/C101) -> 0 | G101: =IFERROR(AVERAGEIF('Daily Input'!C203:C233,">0"),0) -> 0 | H101: =MAX('Daily Input'!C203:C233) -> 0
A102: Bryan Fletcher | B102: ='Daily Input'!F234 -> 0 | C102: ='Daily Input'!G234 -> 0 | D102: ='Daily Input'!H234 -> 0 | E102: =IF(B102=0,0,C102/B102) -> 0 | F102: =IF(C102=0,0,D102/C102) -> 0 | G102: =IFERROR(AVERAGEIF('Daily Input'!F203:F233,">0"),0) -> 0 | H102: =MAX('Daily Input'!F203:F233) -> 0
A103: Coby De Lucia | B103: ='Daily Input'!I234 -> 0 | C103: ='Daily Input'!J234 -> 0 | D103: ='Daily Input'!K234 -> 0 | E103: =IF(B103=0,0,C103/B103) -> 0 | F103: =IF(C103=0,0,D103/C103) -> 0 | G103: =IFERROR(AVERAGEIF('Daily Input'!I203:I233,">0"),0) -> 0 | H103: =MAX('Daily Input'!I203:I233) -> 0
A104: Dave Konkol | B104: ='Daily Input'!L234 -> 0 | C104: ='Daily Input'!M234 -> 0 | D104: ='Daily Input'!N234 -> 0 | E104: =IF(B104=0,0,C104/B104) -> 0 | F104: =IF(C104=0,0,D104/C104) -> 0 | G104: =IFERROR(AVERAGEIF('Daily Input'!L203:L233,">0"),0) -> 0 | H104: =MAX('Daily Input'!L203:L233) -> 0
A105: Matt Delaune | B105: ='Daily Input'!O234 -> 0 | C105: ='Daily Input'!P234 -> 0 | D105: ='Daily Input'!Q234 -> 0 | E105: =IF(B105=0,0,C105/B105) -> 0 | F105: =IF(C105=0,0,D105/C105) -> 0 | G105: =IFERROR(AVERAGEIF('Daily Input'!O203:O233,">0"),0) -> 0 | H105: =MAX('Daily Input'!O203:O233) -> 0
A106: Ryan David | B106: ='Daily Input'!R234 -> 0 | C106: ='Daily Input'!S234 -> 0 | D106: ='Daily Input'!T234 -> 0 | E106: =IF(B106=0,0,C106/B106) -> 0 | F106: =IF(C106=0,0,D106/C106) -> 0 | G106: =IFERROR(AVERAGEIF('Daily Input'!R203:R233,">0"),0) -> 0 | H106: =MAX('Daily Input'!R203:R233) -> 0
A107: Tyler Duprey | B107: ='Daily Input'!U234 -> 0 | C107: ='Daily Input'!V234 -> 0 | D107: ='Daily Input'!W234 -> 0 | E107: =IF(B107=0,0,C107/B107) -> 0 | F107: =IF(C107=0,0,D107/C107) -> 0 | G107: =IFERROR(AVERAGEIF('Daily Input'!U203:U233,">0"),0) -> 0 | H107: =MAX('Daily Input'!U203:U233) -> 0
...

Sheet YTD Scoreboard
A1: YEAR-TO-DATE SCOREBOARD — 2026
A3: ANDREW ROCKSTROH
A4: Month | B4: Sets | C4: Shows | D4: Closed Won | E4: Show Rate | F4: Close Rate
A5: Jan | B5: ='Daily Input'!C35 -> 22 | C5: ='Daily Input'!D35 -> 13 | D5: ='Daily Input'!E35 -> 0 | E5: =IF(B5=0,0,C5/B5) -> 0.59090909 | F5: =IF(C5=0,0,D5/C5) -> 0
A6: Feb | B6: ='Daily Input'!C66 -> 0 | C6: ='Daily Input'!D66 -> 0 | D6: ='Daily Input'!E66 -> 0 | E6: =IF(B6=0,0,C6/B6) -> 0 | F6: =IF(C6=0,0,D6/C6) -> 0
A7: Mar | B7: ='Daily Input'!C100 -> 0 | C7: ='Daily Input'!D100 -> 0 | D7: ='Daily Input'!E100 -> 0 | E7: =IF(B7=0,0,C7/B7) -> 0 | F7: =IF(C7=0,0,D7/C7) -> 0
A8: Apr | B8: ='Daily Input'!C133 -> 0 | C8: ='Daily Input'!D133 -> 0 | D8: ='Daily Input'!E133 -> 0 | E8: =IF(B8=0,0,C8/B8) -> 0 | F8: =IF(C8=0,0,D8/C8) -> 0
A9: May | B9: ='Daily Input'!C167 -> 0 | C9: ='Daily Input'!D167 -> 0 | D9: ='Daily Input'!E167 -> 0 | E9: =IF(B9=0,0,C9/B9) -> 0 | F9: =IF(C9=0,0,D9/C9) -> 0
A10: Jun | B10: ='Daily Input'!C200 -> 0 | C10: ='Daily Input'!D200 -> 0 | D10: ='Daily Input'!E200 -> 0 | E10: =IF(B10=0,0,C10/B10) -> 0 | F10: =IF(C10=0,0,D10/C10) -> 0
A11: Jul | B11: ='Daily Input'!C234 -> 0 | C11: ='Daily Input'!D234 -> 0 | D11: ='Daily Input'!E234 -> 0 | E11: =IF(B11=0,0,C11/B11) -> 0 | F11: =IF(C11=0,0,D11/C11) -> 0
A12: Aug | B12: ='Daily Input'!C268 -> 0 | C12: ='Daily Input'!D268 -> 0 | D12: ='Daily Input'!E268 -> 0 | E12: =IF(B12=0,0,C12/B12) -> 0 | F12: =IF(C12=0,0,D12/C12) -> 0
A13: Sep | B13: ='Daily Input'!C301 -> 0 | C13: ='Daily Input'!D301 -> 0 | D13: ='Daily Input'!E301 -> 0 | E13: =IF(B13=0,0,C13/B13) -> 0 | F13: =IF(C13=0,0,D13/C13) -> 0
A14: Oct | B14: ='Daily Input'!C335 -> 0 | C14: ='Daily Input'!D335 -> 0 | D14: ='Daily Input'!E335 -> 0 | E14: =IF(B14=0,0,C14/B14) -> 0 | F14: =IF(C14=0,0,D14/C14) -> 0
A15: Nov | B15: ='Daily Input'!C368 -> 0 | C15: ='Daily Input'!D368 -> 0 | D15: ='Daily Input'!E368 -> 0 | E15: =IF(B15=0,0,C15/B15) -> 0 | F15: =IF(C15=0,0,D15/C15) -> 0
A16: Dec | B16: ='Daily Input'!C402 -> 0 | C16: ='Daily Input'!D402 -> 0 | D16: ='Daily Input'!E402 -> 0 | E16: =IF(B16=0,0,C16/B16) -> 0 | F16: =IF(C16=0,0,D16/C16) -> 0
A17: YTD TOTAL | B17: =SUM(B5:B16) -> 22 | C17: =SUM(C5:C16) -> 13 | D17: =SUM(D5:D16) -> 0 | E17: =IF(B17=0,0,C17/B17) -> 0.59090909 | F17: =IF(C17=0,0,D17/C17) -> 0
A19: BRYAN FLETCHER
A20: Month | B20: Sets | C20: Shows | D20: Closed Won | E20: Show Rate | F20: Close Rate
A21: Jan | B21: ='Daily Input'!F35 -> 14 | C21: ='Daily Input'!G35 -> 7 | D21: ='Daily Input'!H35 -> 0 | E21: =IF(B21=0,0,C21/B21) -> 0.5 | F21: =IF(C21=0,0,D21/C21) -> 0
A22: Feb | B22: ='Daily Input'!F66 -> 0 | C22: ='Daily Input'!G66 -> 0 | D22: ='Daily Input'!H66 -> 0 | E22: =IF(B22=0,0,C22/B22) -> 0 | F22: =IF(C22=0,0,D22/C22) -> 0
A23: Mar | B23: ='Daily Input'!F100 -> 0 | C23: ='Daily Input'!G100 -> 0 | D23: ='Daily Input'!H100 -> 0 | E23: =IF(B23=0,0,C23/B23) -> 0 | F23: =IF(C23=0,0,D23/C23) -> 0
A24: Apr | B24: ='Daily Input'!F133 -> 0 | C24: ='Daily Input'!G133 -> 0 | D24: ='Daily Input'!H133 -> 0 | E24: =IF(B24=0,0,C24/B24) -> 0 | F24: =IF(C24=0,0,D24/C24) -> 0
A25: May | B25: ='Daily Input'!F167 -> 0 | C25: ='Daily Input'!G167 -> 0 | D25: ='Daily Input'!H167 -> 0 | E25: =IF(B25=0,0,C25/B25) -> 0 | F25: =IF(C25=0,0,D25/C25) -> 0
A26: Jun | B26: ='Daily Input'!F200 -> 0 | C26: ='Daily Input'!G200 -> 0 | D26: ='Daily Input'!H200 -> 0 | E26: =IF(B26=0,0,C26/B26) -> 0 | F26: =IF(C26=0,0,D26/C26) -> 0
A27: Jul | B27: ='Daily Input'!F234 -> 0 | C27: ='Daily Input'!G234 -> 0 | D27: ='Daily Input'!H234 -> 0 | E27: =IF(B27=0,0,C27/B27) -> 0 | F27: =IF(C27=0,0,D27/C27) -> 0
A28: Aug | B28: ='Daily Input'!F268 -> 0 | C28: ='Daily Input'!G268 -> 0 | D28: ='Daily Input'!H268 -> 0 | E28: =IF(B28=0,0,C28/B28) -> 0 | F28: =IF(C28=0,0,D28/C28) -> 0
A29: Sep | B29: ='Daily Input'!F301 -> 0 | C29: ='Daily Input'!G301 -> 0 | D29: ='Daily Input'!H301 -> 0 | E29: =IF(B29=0,0,C29/B29) -> 0 | F29: =IF(C29=0,0,D29/C29) -> 0
A30: Oct | B30: ='Daily Input'!F335 -> 0 | C30: ='Daily Input'!G335 -> 0 | D30: ='Daily Input'!H335 -> 0 | E30: =IF(B30=0,0,C30/B30) -> 0 | F30: =IF(C30=0,0,D30/C30) -> 0
A31: Nov | B31: ='Daily Input'!F368 -> 0 | C31: ='Daily Input'!G368 -> 0 | D31: ='Daily Input'!H368 -> 0 | E31: =IF(B31=0,0,C31/B31) -> 0 | F31: =IF(C31=0,0,D31/C31) -> 0
A32: Dec | B32: ='Daily Input'!F402 -> 0 | C32: ='Daily Input'!G402 -> 0 | D32: ='Daily Input'!H402 -> 0 | E32: =IF(B32=0,0,C32/B32) -> 0 | F32: =IF(C32=0,0,D32/C32) -> 0
A33: YTD TOTAL | B33: =SUM(B21:B32) -> 14 | C33: =SUM(C21:C32) -> 7 | D33: =SUM(D21:D32) -> 0 | E33: =IF(B33=0,0,C33/B33) -> 0.5 | F33: =IF(C33=0,0,D33/C33) -> 0
A35: COBY DE LUCIA
A36: Month | B36: Sets | C36: Shows | D36: Closed Won | E36: Show Rate | F36: Close Rate
A37: Jan | B37: ='Daily Input'!I35 -> 1 | C37: ='Daily Input'!J35 -> 0 | D37: ='Daily Input'!K35 -> 0 | E37: =IF(B37=0,0,C37/B37) -> 0 | F37: =IF(C37=0,0,D37/C37) -> 0
A38: Feb | B38: ='Daily Input'!I66 -> 0 | C38: ='Daily Input'!J66 -> 0 | D38: ='Daily Input'!K66 -> 0 | E38: =IF(B38=0,0,C38/B38) -> 0 | F38: =IF(C38=0,0,D38/C38) -> 0
A39: Mar | B39: ='Daily Input'!I100 -> 0 | C39: ='Daily Input'!J100 -> 0 | D39: ='Daily Input'!K100 -> 0 | E39: =IF(B39=0,0,C39/B39) -> 0 | F39: =IF(C39=0,0,D39/C39) -> 0
A40: Apr | B40: ='Daily Input'!I133 -> 0 | C40: ='Daily Input'!J133 -> 0 | D40: ='Daily Input'!K133 -> 0 | E40: =IF(B40=0,0,C40/B40) -> 0 | F40: =IF(C40=0,0,D40/C40) -> 0
A41: May | B41: ='Daily Input'!I167 -> 0 | C41: ='Daily Input'!J167 -> 0 | D41: ='Daily Input'!K167 -> 0 | E41: =IF(B41=0,0,C41/B41) -> 0 | F41: =IF(C41=0,0,D41/C41) -> 0
A42: Jun | B42: ='Daily Input'!I200 -> 0 | C42: ='Daily Input'!J200 -> 0 | D42: ='Daily Input'!K200 -> 0 | E42: =IF(B42=0,0,C42/B42) -> 0 | F42: =IF(C42=0,0,D42/C42) -> 0
A43: Jul | B43: ='Daily Input'!I234 -> 0 | C43: ='Daily Input'!J234 -> 0 | D43: ='Daily Input'!K234 -> 0 | E43: =IF(B43=0,0,C43/B43) -> 0 | F43: =IF(C43=0,0,D43/C43) -> 0
A44: Aug | B44: ='Daily Input'!I268 -> 0 | C44: ='Daily Input'!J268 -> 0 | D44: ='Daily Input'!K268 -> 0 | E44: =IF(B44=0,0,C44/B44) -> 0 | F44: =IF(C44=0,0,D44/C44) -> 0
A45: Sep | B45: ='Daily Input'!I301 -> 0 | C45: ='Daily Input'!J301 -> 0 | D45: ='Daily Input'!K301 -> 0 | E45: =IF(B45=0,0,C45/B45) -> 0 | F45: =IF(C45=0,0,D45/C45) -> 0
A46: Oct | B46: ='Daily Input'!I335 -> 0 | C46: ='Daily Input'!J335 -> 0 | D46: ='Daily Input'!K335 -> 0 | E46: =IF(B46=0,0,C46/B46) -> 0 | F46: =IF(C46=0,0,D46/C46) -> 0
A47: Nov | B47: ='Daily Input'!I368 -> 0 | C47: ='Daily Input'!J368 -> 0 | D47: ='Daily Input'!K368 -> 0 | E47: =IF(B47=0,0,C47/B47) -> 0 | F47: =IF(C47=0,0,D47/C47) -> 0
A48: Dec | B48: ='Daily Input'!I402 -> 0 | C48: ='Daily Input'!J402 -> 0 | D48: ='Daily Input'!K402 -> 0 | E48: =IF(B48=0,0,C48/B48) -> 0 | F48: =IF(C48=0,0,D48/C48) -> 0
A49: YTD TOTAL | B49: =SUM(B37:B48) -> 1 | C49: =SUM(C37:C48) -> 0 | D49: =SUM(D37:D48) -> 0 | E49: =IF(B49=0,0,C49/B49) -> 0 | F49: =IF(C49=0,0,D49/C49) -> 0
A51: DAVE KONKOL
A52: Month | B52: Sets | C52: Shows | D52: Closed Won | E52: Show Rate | F52: Close Rate
A53: Jan | B53: ='Daily Input'!L35 -> 17 | C53: ='Daily Input'!M35 -> 10 | D53: ='Daily Input'!N35 -> 0 | E53: =IF(B53=0,0,C53/B53) -> 0.58823529 | F53: =IF(C53=0,0,D53/C53) -> 0
A54: Feb | B54: ='Daily Input'!L66 -> 0 | C54: ='Daily Input'!M66 -> 0 | D54: ='Daily Input'!N66 -> 0 | E54: =IF(B54=0,0,C54/B54) -> 0 | F54: =IF(C54=0,0,D54/C54) -> 0
A55: Mar | B55: ='Daily Input'!L100 -> 0 | C55: ='Daily Input'!M100 -> 0 | D55: ='Daily Input'!N100 -> 0 | E55: =IF(B55=0,0,C55/B55) -> 0 | F55: =IF(C55=0,0,D55/C55) -> 0
A56: Apr | B56: ='Daily Input'!L133 -> 0 | C56: ='Daily Input'!M133 -> 0 | D56: ='Daily Input'!N133 -> 0 | E56: =IF(B56=0,0,C56/B56) -> 0 | F56: =IF(C56=0,0,D56/C56) -> 0
A57: May | B57: ='Daily Input'!L167 -> 0 | C57: ='Daily Input'!M167 -> 0 | D57: ='Daily Input'!N167 -> 0 | E57: =IF(B57=0,0,C57/B57) -> 0 | F57: =IF(C57=0,0,D57/C57) -> 0
A58: Jun | B58: ='Daily Input'!L200 -> 0 | C58: ='Daily Input'!M200 -> 0 | D58: ='Daily Input'!N200 -> 0 | E58: =IF(B58=0,0,C58/B58) -> 0 | F58: =IF(C58=0,0,D58/C58) -> 0
A59: Jul | B59: ='Daily Input'!L234 -> 0 | C59: ='Daily Input'!M234 -> 0 | D59: ='Daily Input'!N234 -> 0 | E59: =IF(B59=0,0,C59/B59) -> 0 | F59: =IF(C59=0,0,D59/C59) -> 0
A60: Aug | B60: ='Daily Input'!L268 -> 0 | C60: ='Daily Input'!M268 -> 0 | D60: ='Daily Input'!N268 -> 0 | E60: =IF(B60=0,0,C60/B60) -> 0 | F60: =IF(C60=0,0,D60/C60) -> 0
A61: Sep | B61: ='Daily Input'!L301 -> 0 | C61: ='Daily Input'!M301 -> 0 | D61: ='Daily Input'!N301 -> 0 | E61: =IF(B61=0,0,C61/B61) -> 0 | F61: =IF(C61=0,0,D61/C61) -> 0
A62: Oct | B62: ='Daily Input'!L335 -> 0 | C62: ='Daily Input'!M335 -> 0 | D62: ='Daily Input'!N335 -> 0 | E62: =IF(B62=0,0,C62/B62) -> 0 | F62: =IF(C62=0,0,D62/C62) -> 0
A63: Nov | B63: ='Daily Input'!L368 -> 0 | C63: ='Daily Input'!M368 -> 0 | D63: ='Daily Input'!N368 -> 0 | E63: =IF(B63=0,0,C63/B63) -> 0 | F63: =IF(C63=0,0,D63/C63) -> 0
A64: Dec | B64: ='Daily Input'!L402 -> 0 | C64: ='Daily Input'!M402 -> 0 | D64: ='Daily Input'!N402 -> 0 | E64: =IF(B64=0,0,C64/B64) -> 0 | F64: =IF(C64=0,0,D64/C64) -> 0
A65: YTD TOTAL | B65: =SUM(B53:B64) -> 17 | C65: =SUM(C53:C64) -> 10 | D65: =SUM(D53:D64) -> 0 | E65: =IF(B65=0,0,C65/B65) -> 0.58823529 | F65: =IF(C65=0,0,D65/C65) -> 0
A67: MATT DELAUNE
A68: Month | B68: Sets | C68: Shows | D68: Closed Won | E68: Show Rate | F68: Close Rate
A69: Jan | B69: ='Daily Input'!O35 -> 10 | C69: ='Daily Input'!P35 -> 5 | D69: ='Daily Input'!Q35 -> 0 | E69: =IF(B69=0,0,C69/B69) -> 0.5 | F69: =IF(C69=0,0,D69/C69) -> 0
A70: Feb | B70: ='Daily Input'!O66 -> 0 | C70: ='Daily Input'!P66 -> 0 | D70: ='Daily Input'!Q66 -> 0 | E70: =IF(B70=0,0,C70/B70) -> 0 | F70: =IF(C70=0,0,D70/C70) -> 0
A71: Mar | B71: ='Daily Input'!O100 -> 0 | C71: ='Daily Input'!P100 -> 0 | D71: ='Daily Input'!Q100 -> 0 | E71: =IF(B71=0,0,C71/B71) -> 0 | F71: =IF(C71=0,0,D71/C71) -> 0
A72: Apr | B72: ='Daily Input'!O133 -> 0 | C72: ='Daily Input'!P133 -> 0 | D72: ='Daily Input'!Q133 -> 0 | E72: =IF(B72=0,0,C72/B72) -> 0 | F72: =IF(C72=0,0,D72/C72) -> 0
A73: May | B73: ='Daily Input'!O167 -> 0 | C73: ='Daily Input'!P167 -> 0 | D73: ='Daily Input'!Q167 -> 0 | E73: =IF(B73=0,0,C73/B73) -> 0 | F73: =IF(C73=0,0,D73/C73) -> 0
A74: Jun | B74: ='Daily Input'!O200 -> 0 | C74: ='Daily Input'!P200 -> 0 | D74: ='Daily Input'!Q200 -> 0 | E74: =IF(B74=0,0,C74/B74) -> 0 | F74: =IF(C74=0,0,D74/C74) -> 0
A75: Jul | B75: ='Daily Input'!O234 -> 0 | C75: ='Daily Input'!P234 -> 0 | D75: ='Daily Input'!Q234 -> 0 | E75: =IF(B75=0,0,C75/B75) -> 0 | F75: =IF(C75=0,0,D75/C75) -> 0
A76: Aug | B76: ='Daily Input'!O268 -> 0 | C76: ='Daily Input'!P268 -> 0 | D76: ='Daily Input'!Q268 -> 0 | E76: =IF(B76=0,0,C76/B76) -> 0 | F76: =IF(C76=0,0,D76/C76) -> 0
A77: Sep | B77: ='Daily Input'!O301 -> 0 | C77: ='Daily Input'!P301 -> 0 | D77: ='Daily Input'!Q301 -> 0 | E77: =IF(B77=0,0,C77/B77) -> 0 | F77: =IF(C77=0,0,D77/C77) -> 0
A78: Oct | B78: ='Daily Input'!O335 -> 0 | C78: ='Daily Input'!P335 -> 0 | D78: ='Daily Input'!Q335 -> 0 | E78: =IF(B78=0,0,C78/B78) -> 0 | F78: =IF(C78=0,0,D78/C78) -> 0
A79: Nov | B79: ='Daily Input'!O368 -> 0 | C79: ='Daily Input'!P368 -> 0 | D79: ='Daily Input'!Q368 -> 0 | E79: =IF(B79=0,0,C79/B79) -> 0 | F79: =IF(C79=0,0,D79/C79) -> 0
A80: Dec | B80: ='Daily Input'!O402 -> 0 | C80: ='Daily Input'!P402 -> 0 | D80: ='Daily Input'!Q402 -> 0 | E80: =IF(B80=0,0,C80/B80) -> 0 | F80: =IF(C80=0,0,D80/C80) -> 0
A81: YTD TOTAL | B81: =SUM(B69:B80) -> 10 | C81: =SUM(C69:C80) -> 5 | D81: =SUM(D69:D80) -> 0 | E81: =IF(B81=0,0,C81/B81) -> 0.5 | F81: =IF(C81=0,0,D81/C81) -> 0
A83: RYAN DAVID
A84: Month | B84: Sets | C84: Shows | D84: Closed Won | E84: Show Rate | F84: Close Rate
A85: Jan | B85: ='Daily Input'!R35 -> 19 | C85: ='Daily Input'!S35 -> 11 | D85: ='Daily Input'!T35 -> 0 | E85: =IF(B85=0,0,C85/B85) -> 0.57894737 | F85: =IF(C85=0,0,D85/C85) -> 0
A86: Feb | B86: ='Daily Input'!R66 -> 0 | C86: ='Daily Input'!S66 -> 0 | D86: ='Daily Input'!T66 -> 0 | E86: =IF(B86=0,0,C86/B86) -> 0 | F86: =IF(C86=0,0,D86/C86) -> 0
A87: Mar | B87: ='Daily Input'!R100 -> 0 | C87: ='Daily Input'!S100 -> 0 | D87: ='Daily Input'!T100 -> 0 | E87: =IF(B87=0,0,C87/B87) -> 0 | F87: =IF(C87=0,0,D87/C87) -> 0
A88: Apr | B88: ='Daily Input'!R133 -> 0 | C88: ='Daily Input'!S133 -> 0 | D88: ='Daily Input'!T133 -> 0 | E88: =IF(B88=0,0,C88/B88) -> 0 | F88: =IF(C88=0,0,D88/C88) -> 0
A89: May | B89: ='Daily Input'!R167 -> 0 | C89: ='Daily Input'!S167 -> 0 | D89: ='Daily Input'!T167 -> 0 | E89: =IF(B89=0,0,C89/B89) -> 0 | F89: =IF(C89=0,0,D89/C89) -> 0
A90: Jun | B90: ='Daily Input'!R200 -> 0 | C90: ='Daily Input'!S200 -> 0 | D90: ='Daily Input'!T200 -> 0 | E90: =IF(B90=0,0,C90/B90) -> 0 | F90: =IF(C90=0,0,D90/C90) -> 0
A91: Jul | B91: ='Daily Input'!R234 -> 0 | C91: ='Daily Input'!S234 -> 0 | D91: ='Daily Input'!T234 -> 0 | E91: =IF(B91=0,0,C91/B91) -> 0 | F91: =IF(C91=0,0,D91/C91) -> 0
A92: Aug | B92: ='Daily Input'!R268 -> 0 | C92: ='Daily Input'!S268 -> 0 | D92: ='Daily Input'!T268 -> 0 | E92: =IF(B92=0,0,C92/B92) -> 0 | F92: =IF(C92=0,0,D92/C92) -> 0
A93: Sep | B93: ='Daily Input'!R301 -> 0 | C93: ='Daily Input'!S301 -> 0 | D93: ='Daily Input'!T301 -> 0 | E93: =IF(B93=0,0,C93/B93) -> 0 | F93: =IF(C93=0,0,D93/C93) -> 0
A94: Oct | B94: ='Daily Input'!R335 -> 0 | C94: ='Daily Input'!S335 -> 0 | D94: ='Daily Input'!T335 -> 0 | E94: =IF(B94=0,0,C94/B94) -> 0 | F94: =IF(C94=0,0,D94/C94) -> 0
A95: Nov | B95: ='Daily Input'!R368 -> 0 | C95: ='Daily Input'!S368 -> 0 | D95: ='Daily Input'!T368 -> 0 | E95: =IF(B95=0,0,C95/B95) -> 0 | F95: =IF(C95=0,0,D95/C95) -> 0
A96: Dec | B96: ='Daily Input'!R402 -> 0 | C96: ='Daily Input'!S402 -> 0 | D96: ='Daily Input'!T402 -> 0 | E96: =IF(B96=0,0,C96/B96) -> 0 | F96: =IF(C96=0,0,D96/C96) -> 0
A97: YTD TOTAL | B97: =SUM(B85:B96) -> 19 | C97: =SUM(C85:C96) -> 11 | D97: =SUM(D85:D96) -> 0 | E97: =IF(B97=0,0,C97/B97) -> 0.57894737 | F97: =IF(C97=0,0,D97/C97) -> 0
A99: TYLER DUPREY
A100: Month | B100: Sets | C100: Shows | D100: Closed Won | E100: Show Rate | F100: Close Rate
A101: Jan | B101: ='Daily Input'!U35 -> 9 | C101: ='Daily Input'!V35 -> 6 | D101: ='Daily Input'!W35 -> 0 | E101: =IF(B101=0,0,C101/B101) -> 0.66666667 | F101: =IF(C101=0,0,D101/C101) -> 0
A102: Feb | B102: ='Daily Input'!U66 -> 0 | C102: ='Daily Input'!V66 -> 0 | D102: ='Daily Input'!W66 -> 0 | E102: =IF(B102=0,0,C102/B102) -> 0 | F102: =IF(C102=0,0,D102/C102) -> 0
A103: Mar | B103: ='Daily Input'!U100 -> 0 | C103: ='Daily Input'!V100 -> 0 | D103: ='Daily Input'!W100 -> 0 | E103: =IF(B103=0,0,C103/B103) -> 0 | F103: =IF(C103=0,0,D103/C103) -> 0
A104: Apr | B104: ='Daily Input'!U133 -> 0 | C104: ='Daily Input'!V133 -> 0 | D104: ='Daily Input'!W133 -> 0 | E104: =IF(B104=0,0,C104/B104) -> 0 | F104: =IF(C104=0,0,D104/C104) -> 0
A105: May | B105: ='Daily Input'!U167 -> 0 | C105: ='Daily Input'!V167 -> 0 | D105: ='Daily Input'!W167 -> 0 | E105: =IF(B105=0,0,C105/B105) -> 0 | F105: =IF(C105=0,0,D105/C105) -> 0
A106: Jun | B106: ='Daily Input'!U200 -> 0 | C106: ='Daily Input'!V200 -> 0 | D106: ='Daily Input'!W200 -> 0 | E106: =IF(B106=0,0,C106/B106) -> 0 | F106: =IF(C106=0,0,D106/C106) -> 0
A107: Jul | B107: ='Daily Input'!U234 -> 0 | C107: ='Daily Input'!V234 -> 0 | D107: ='Daily Input'!W234 -> 0 | E107: =IF(B107=0,0,C107/B107) -> 0 | F107: =IF(C107=0,0,D107/C107) -> 0
...
